Id,Label,username,name,profile_image_url
1912208614095482882,eGhey_,eGhey_,eGhey,https://pbs.twimg.com/profile_images/2059750392091594753/1nMdYeJc_normal.jpg
2024547516499578887,RJ74120113,RJ74120113,RamezJ741,https://pbs.twimg.com/profile_images/2024548119741112320/RaVe9pnD_normal.jpg
1661876658314309632,_saltylizard_,_saltylizard_,🧂🦎💃,https://pbs.twimg.com/profile_images/2013714543067705348/kcpcP0z__normal.jpg
1146058067244486656,ryancohen,ryancohen,ryancohen,https://pbs.twimg.com/profile_images/2052946104031789057/AF9ba7So_normal.jpg
1619992211071897600,ThePPseedsShow,ThePPseedsShow,ThePPseedsShow,https://pbs.twimg.com/profile_images/1679032648893595649/CzXvQO4d_normal.jpg
22637974,barstoolsports,barstoolsports,barstoolsports,https://pbs.twimg.com/profile_images/1222128514624892935/zC0ABl3m_normal.jpg
7563792,USMNT,USMNT,USMNT,https://pbs.twimg.com/profile_images/1940115176843292672/-whVS-id_normal.jpg
16877611,FOXSports,FOXSports,FOX Sports,https://pbs.twimg.com/profile_images/1889000199693250560/qbKnois__normal.jpg
761257471952379904,USGSVolcanoes,USGSVolcanoes,USGSVolcanoes,https://pbs.twimg.com/profile_images/2037302167296671744/IfPgswws_normal.jpg
28061932,WhitneyCummings,WhitneyCummings,WhitneyCummings,https://pbs.twimg.com/profile_images/1998425377492889601/_6m1UK-8_normal.jpg
27801361,marcuslemonis,marcuslemonis,marcuslemonis,https://pbs.twimg.com/profile_images/2018475396497592320/34ugOVM8_normal.jpg
372817561,BedBathBeyond,BedBathBeyond,BedBathBeyond,https://pbs.twimg.com/profile_images/1771209396305145856/o-D6p6o0_normal.jpg
1174161571875999744,MindandEmotion7,MindandEmotion7,MindandEmotion7,https://pbs.twimg.com/profile_images/1823745846695092225/IxaQfzjM_normal.jpg
107146095,MLS,MLS,MLS,https://pbs.twimg.com/profile_images/1905305167571906561/uf8ZOlCD_normal.jpg
1325291311524614144,JRocket465,JRocket465,Johnny 🚀 Rocket,https://pbs.twimg.com/profile_images/1734058640275910656/HhMIe6o1_normal.jpg
1838597250387447810,DennisHarwich,DennisHarwich,DennisHarwich,https://pbs.twimg.com/profile_images/1902374270556360704/SYXwfzRs_normal.jpg
1779764940733100032,W05TN3R,W05TN3R,W05TN3R,https://pbs.twimg.com/profile_images/2048464779187240960/lCpyrbGd_normal.jpg
1945909527678746624,eggloserboy,eggloserboy,eggloserboy,https://pbs.twimg.com/profile_images/1958285877806788608/JbvKSGCR_normal.jpg
1225250605653991424,ellad3vi,ellad3vi,ellad3vi,https://pbs.twimg.com/profile_images/2026355665795506176/KByYr4oK_normal.jpg
22665816,marknorm,marknorm,marknorm,https://pbs.twimg.com/profile_images/1468306462245994496/x8koB4rb_normal.jpg
783773838479720448,m74ft1,m74ft1,m74ft1,https://pbs.twimg.com/profile_images/1981125265968250880/hA24C8SW_normal.jpg
2019134219918667779,BarkingPuppy8,BarkingPuppy8,BarkingPuppy8,https://pbs.twimg.com/profile_images/2019138810949308416/bYxhoi8p_normal.jpg
2019444245258489856,hirambank,hirambank,Hiram MickeyMouseBerg,https://pbs.twimg.com/profile_images/2057094224072585216/6EMlrN6z_normal.jpg
1587845408700727299,starberryxmoon,starberryxmoon,🍓💎StrawMeaniexMoon👐🌙,https://pbs.twimg.com/profile_images/2071052599491493888/Bxyp6ee3_normal.jpg
1405727152914509824,sloppyxsteaks,sloppyxsteaks,sloppyxsteaks,https://pbs.twimg.com/profile_images/1896003241889939456/UMm-WZ4N_normal.jpg
1706475404238729216,Fleetwostmac,Fleetwostmac,Fleet,https://pbs.twimg.com/profile_images/2056935029658271744/OD-Qf0hf_normal.jpg
2896363633,mikeal_man,mikeal_man,Maiko 🦋🧸🎮🏴‍☠️,https://pbs.twimg.com/profile_images/2069077392724033536/jGH70aDO_normal.jpg
1501278076126126081,9inchcenobite,9inchcenobite,Thunderous Queefer,https://pbs.twimg.com/profile_images/1817308217745276928/sBu14ueG_normal.jpg
1508980862246957057,squeezistChrist,squeezistChrist,squeezistChrist,
25029495,pulte,pulte,pulte,https://pbs.twimg.com/profile_images/1919907518609866752/QLOm875s_normal.jpg
1586746589816700929,GMEprpl_crcl,GMEprpl_crcl,Adam,https://pbs.twimg.com/profile_images/1586747444624236545/TsBnNnEx_normal.jpg
81398673,ShaunFitzzzy,ShaunFitzzzy,ShaunFitzzzy,https://pbs.twimg.com/profile_images/2019496420689268736/74LObr3S_normal.jpg
1254294175895470080,FamousVariety,FamousVariety,FamousVariety,https://pbs.twimg.com/profile_images/1945495473122340864/aklFYFeB_normal.jpg
2026448432135811072,First127447,First127447,The Woke Trader,https://pbs.twimg.com/profile_images/2049656656368132096/gDfD4HAp_normal.jpg
1272117363027017731,PrithaKar3,PrithaKar3,Pritha Kar,https://pbs.twimg.com/profile_images/1272117963324133378/Aq641fwU_normal.jpg
1825905225842196480,easyiziwin,easyiziwin,easyiziwin,https://pbs.twimg.com/profile_images/1825913392340807681/tRAaRnMn_normal.jpg
276498901,furbous,furbous,furbous,https://pbs.twimg.com/profile_images/1480351779921432578/CYo42DNg_normal.jpg
1589610366195089410,Bosunmic01,Bosunmic01,Bosunmic01,https://pbs.twimg.com/profile_images/1589610689508872192/t2VbhQma_normal.jpg
1688435707021606912,kiwicazz69,kiwicazz69,kiwicazz69,https://pbs.twimg.com/profile_images/1688435905026211840/EY0bxnja_normal.jpg
936299945346457602,B_Denise17,B_Denise17,B_Denise17,https://pbs.twimg.com/profile_images/1478113203863252994/QUFdCP8J_normal.jpg
1426596610243547146,Der_Prinzipal,Der_Prinzipal,Der_Prinzipal,https://pbs.twimg.com/profile_images/1792681247786893312/Ax8L_9Cu_normal.jpg
1829723444348608512,LoraAdams90,LoraAdams90,LoraAdams90,https://pbs.twimg.com/profile_images/1829726026546794496/IW1PryWf_normal.jpg
132941333,_MarkTerranova,_MarkTerranova,_MarkTerranova,https://pbs.twimg.com/profile_images/1755754470389035008/Nai7FkOm_normal.jpg
474920522,avpaladino,avpaladino,avpaladino,https://pbs.twimg.com/profile_images/665739715711143936/po-xdK_c_normal.jpg
1990103855611494400,GodisaDJ69420,GodisaDJ69420,GodisaDJ69420,https://pbs.twimg.com/profile_images/1990107988627951616/5EZneMpW_normal.jpg
839689891,SBellesia,SBellesia,samuele bellesia,https://pbs.twimg.com/profile_images/2009736462619553793/O0HqMm3X_normal.jpg
1562690923808854017,_RayCrypt,_RayCrypt,_RayCrypt,https://pbs.twimg.com/profile_images/1562714546514841601/3A9VpC1C_normal.jpg
749019843601379329,IstiaqEmon2,IstiaqEmon2,IstiaqEmon2,https://pbs.twimg.com/profile_images/2012780578026696704/ZWoSD3J5_normal.jpg
1383401793451814914,digi10xsolution,digi10xsolution,digi10xsolution,https://pbs.twimg.com/profile_images/2069427302937800704/UbFpcWXr_normal.jpg
1353288129927639040,DIECOD1,DIECOD1,DIECOD1,https://pbs.twimg.com/profile_images/2013866596855406593/u5HsDnFa_normal.jpg
493417931,dandoonkhaled12,dandoonkhaled12,dandoonkhaled12,https://pbs.twimg.com/profile_images/435837078518378497/jqFVxvI-_normal.jpeg
1460440544123842561,VibesMedic,VibesMedic,VibesMedic,https://pbs.twimg.com/profile_images/1905358117816467458/jZXe0BPx_normal.jpg
509898530,NotteJnr,NotteJnr,NotteJnr,https://pbs.twimg.com/profile_images/1562021913593057280/i0tR-IIk_normal.jpg
166298122,mijkekoks,mijkekoks,mijkekoks,https://pbs.twimg.com/profile_images/1500483568056901639/zptGCVce_normal.jpg
1793244116249440256,FoysalAham35777,FoysalAham35777,FoysalAham35777,https://pbs.twimg.com/profile_images/1793244382747095042/-Va5_OdV_normal.jpg
1475339516877570049,Crypto_shunt,Crypto_shunt,Crypto_shunt,https://pbs.twimg.com/profile_images/1817197834443345920/3UJ5VSvA_normal.jpg
627945941,Giovann04759049,Giovann04759049,Giovann04759049,https://pbs.twimg.com/profile_images/1699099832869359616/6JaMfxcY_normal.jpg
1266237070038536195,johnmanoel209,johnmanoel209,johnmanoel209,https://pbs.twimg.com/profile_images/1757313104268922880/RSfu54pq_normal.jpg
398232468,KevWilliamsjr27,KevWilliamsjr27,KevWilliamsjr27,https://pbs.twimg.com/profile_images/1514701969369321476/i8zXYha8_normal.jpg
1420439253729828864,magsonthemoon,magsonthemoon,magsonthemoon,https://pbs.twimg.com/profile_images/2044487807071031297/dwsabZ5u_normal.jpg
1947026736115482624,DSquadRadio,DSquadRadio,DSquadRadio,https://pbs.twimg.com/profile_images/1977499849474846720/bkkh07GU_normal.jpg
1703997007525031936,seymourbutts741,seymourbutts741,seymourbutts741,https://pbs.twimg.com/profile_images/2057092763242610688/Yu1lTkbU_normal.jpg
476199422,awkwardgoogle,awkwardgoogle,Interesting things,https://pbs.twimg.com/profile_images/1843285954473164800/87Vfzdg0_normal.jpg
229529665,BegoCap,BegoCap,Begoña,https://pbs.twimg.com/profile_images/3332440977/af1c53a85da89467ee4f98b4bd60fdb3_normal.png
1797598059267772416,MombeniMil21920,MombeniMil21920,MombeniMil21920,https://pbs.twimg.com/profile_images/1797598208937377792/_ckgvbXm_normal.png
1720142684319281152,michal_tomasec,michal_tomasec,michal_tomasec,https://pbs.twimg.com/profile_images/1727379340441079808/xVmqs5l5_normal.jpg
1489671824350797833,HerbNfts,HerbNfts,HerbNfts,https://pbs.twimg.com/profile_images/1492530518826655752/k_RemDFZ_normal.jpg
1217995361844854784,jefffmanuel,jefffmanuel,jefffmanuel,https://pbs.twimg.com/profile_images/1736904421299154944/KKKqNgX7_normal.jpg
74362020,dinimilie,dinimilie,dinimilie,https://pbs.twimg.com/profile_images/1029224989/36090_1260202598406_1629909546_565066_3993049_n_normal.jpg
708630944756924416,sergirdzz,sergirdzz,sergirdzz,https://pbs.twimg.com/profile_images/1432086967722946565/JWFidr-T_normal.jpg
1593647457312935939,VitaliiFoiak,VitaliiFoiak,VitaliiFoiak,https://pbs.twimg.com/profile_images/1983486365103755264/4Y9HaGu__normal.jpg
1860659633280720896,mr_nayaka_5,mr_nayaka_5,mr_nayaka_5,https://pbs.twimg.com/profile_images/2061815099783069696/zqPGXSV4_normal.jpg
1840473994274705408,Crypto_King6666,Crypto_King6666,Crypto_King6666,https://pbs.twimg.com/profile_images/1934546756626161664/vll-vlxR_normal.jpg
1755658026416054272,XeniaAdaeze,XeniaAdaeze,XeniaAdaeze,https://pbs.twimg.com/profile_images/1755692391552413697/ZFL24xGu_normal.jpg
1334986660656914432,MateuszKruszew3,MateuszKruszew3,MateuszKruszew3,https://pbs.twimg.com/profile_images/1650558891220951058/KAqZxFj__normal.jpg
1763028598817218560,njh775068183186,njh775068183186,njh775068183186,https://abs.twimg.com/sticky/default_profile_images/default_profile_normal.png
1055048442215624704,MarcelaS4375969,MarcelaS4375969,MarcelaS4375969,https://pbs.twimg.com/profile_images/1316585004340662281/ix2zsJdi_normal.jpg
1652057882160971776,Gall0tech,Gall0tech,Gall0tech,https://pbs.twimg.com/profile_images/1742498601027162113/kRxlitkg_normal.jpg
561856630,ibrahimesmer6,ibrahimesmer6,ibrahimesmer6,https://pbs.twimg.com/profile_images/1989459368669061120/u8JzzpTZ_normal.jpg
1434359294930128900,Shuvosd111,Shuvosd111,Shuvosd111,https://pbs.twimg.com/profile_images/1984532407329177602/kL6lE3ew_normal.jpg
1907102765236850688,OGXBOXYN,OGXBOXYN,OGXBOXYN,https://pbs.twimg.com/profile_images/1907102850624405505/ouC7szz2_normal.jpg
1717800535846490112,baozouwoniu,baozouwoniu,ou,https://pbs.twimg.com/profile_images/2049704420657823744/NEcLPaOw_normal.jpg
1543685209048203271,NathanD08222182,NathanD08222182,NathanD08222182,https://abs.twimg.com/sticky/default_profile_images/default_profile_normal.png
1807831151345541120,MahdiAbdel13974,MahdiAbdel13974,MahdiAbdel13974,https://pbs.twimg.com/profile_images/1867836848275398656/QgOrxR-o_normal.jpg
2027366681291472896,CoinSensors,CoinSensors,CoinSensors,https://pbs.twimg.com/profile_images/2028000284044042240/E3MnBKVj_normal.jpg
836528881,olimolidev,olimolidev,olimolidev,https://pbs.twimg.com/profile_images/2631806851/2f25a597f4576293693041ae15f543a0_normal.jpeg
1392973195712552978,MehdiTym,MehdiTym,MehdiTym,https://pbs.twimg.com/profile_images/1891049496991105024/QTr9-zUL_normal.jpg
1417039913434763268,Leog27476673,Leog27476673,Leog27476673,https://pbs.twimg.com/profile_images/1433122313696788481/2v5yZrXt_normal.jpg
149642248,BerryWeightLoss,BerryWeightLoss,BerryWeightLoss,https://pbs.twimg.com/profile_images/960189683/images_normal.jpg
1549568237775364097,yunsang94216529,yunsang94216529,yunsang94216529,https://pbs.twimg.com/profile_images/1553524241198301184/9a7gL1XF_normal.jpg
606243617,nonodody86,nonodody86,nonodody86,https://pbs.twimg.com/profile_images/1900565234710118400/OfrVxz5j_normal.jpg
2033622424374202368,Liberty_Oils,Liberty_Oils,Liberty_Oils,https://pbs.twimg.com/profile_images/2033622723352793088/rb_S3O0s_normal.jpg
3023974953,acscptpt,acscptpt,acscptpt,https://pbs.twimg.com/profile_images/2062882967601483777/eGXM79uS_normal.jpg
1703192337462046720,Mamsi124,Mamsi124,Mamsi124,https://pbs.twimg.com/profile_images/1703193043170402304/trnftrlN_normal.jpg
1851328192193445888,U762789Urs,U762789Urs,U762789Urs,https://pbs.twimg.com/profile_images/1851328922463449088/qXMSTGmo_normal.png
1815117226673901568,Blackbart42,Blackbart42,Blackbart42,https://pbs.twimg.com/profile_images/1815117504026476544/zEJXnbPg_normal.jpg
1446809826328256512,AncientExNFT,AncientExNFT,AncientExNFT,https://pbs.twimg.com/profile_images/1446809888244502529/EMdA5B4o_normal.jpg
1369489877876809729,yoka_utg,yoka_utg,yoka_utg,https://pbs.twimg.com/profile_images/1873176023358976000/BHyQ5tcq_normal.png
1519694155013935104,shlolom,shlolom,shlolom,https://pbs.twimg.com/profile_images/1608484372667047936/du9I3ObS_normal.jpg
1055506085677879296,IbrahimTilde1,IbrahimTilde1,IbrahimTilde1,https://pbs.twimg.com/profile_images/1983341768478183424/Ft1O1V0Z_normal.jpg
614204354,UnescoTeleMed,UnescoTeleMed,Unesco Telemedicine,https://pbs.twimg.com/profile_images/2327851667/pegat_cuadrado_normal.jpg
1485512385255571458,rayfcc1,rayfcc1,rayfcc1,https://abs.twimg.com/sticky/default_profile_images/default_profile_normal.png
1758534296359272448,betetreviz72066,betetreviz72066,betetreviz72066,https://pbs.twimg.com/profile_images/1758534410213662720/bMyv4W6S_normal.jpg
4457597321,auriolallabi7,auriolallabi7,auriolallabi7,https://pbs.twimg.com/profile_images/1501141230692048901/JwWR8s2J_normal.jpg
1664311275806167041,Rabbitmuseum,Rabbitmuseum,Rabbitmuseum,https://pbs.twimg.com/profile_images/1885005794510573568/Kl6JhLPs_normal.jpg
523867568,Rashkidjp,Rashkidjp,Rashkidjp,https://pbs.twimg.com/profile_images/2017559652997984256/KqRDNJvz_normal.jpg
1885582852806631430,MabukuStan47563,MabukuStan47563,MabukuStan47563,https://pbs.twimg.com/profile_images/1885586244429660160/EIkqAK-Z_normal.png
1420807810296729604,TarrantCage,TarrantCage,TarrantCage,https://abs.twimg.com/sticky/default_profile_images/default_profile_normal.png
1521557360547971072,_coughdrop,_coughdrop,_coughdrop,https://pbs.twimg.com/profile_images/1614766292266893318/iFUkvHqV_normal.jpg
3354687898,Atypiclibrarian,Atypiclibrarian,Atypiclibrarian,https://pbs.twimg.com/profile_images/1529466995711819778/qmt8VFKk_normal.jpg
1590009622928117760,buttxrplyNFT,buttxrplyNFT,buttxrplyNFT,https://pbs.twimg.com/profile_images/1594913999602483201/OX1p7ggi_normal.jpg
938508463772241920,xxojamiee,xxojamiee,xxojamiee,https://pbs.twimg.com/profile_images/2069149762268323840/utEXxBGm_normal.jpg
1528439601756618752,MureithiAj,MureithiAj,MureithiAj,https://pbs.twimg.com/profile_images/1528439743683477506/tYSBl4z8_normal.png
1005615121,jdogg42,jdogg42,jdogg42,https://pbs.twimg.com/profile_images/1342677670312570881/FN2Ovakf_normal.jpg
1872802042139545600,0xlinbei,0xlinbei,0xlinbei,https://pbs.twimg.com/profile_images/1872802351498838018/t7e5q55W_normal.jpg
1466800519058534404,YojimCoin,YojimCoin,YojimCoin,https://pbs.twimg.com/profile_images/1875867147643076608/vL6GkpHe_normal.jpg
1544840651811856385,_Red987,_Red987,_Red987,https://pbs.twimg.com/profile_images/1544846333009207296/9LGvFJ8u_normal.jpg
1641221430451863553,uderale82454,uderale82454,uderale82454,https://pbs.twimg.com/profile_images/1827128339628199936/5XSTFItx_normal.jpg
3076473752,MeRRiiejOiie,MeRRiiejOiie,MeRRiiejOiie,https://pbs.twimg.com/profile_images/1160045127718412288/eAeVCzXA_normal.jpg
1957187071392559105,wny1939203,wny1939203,wny1939203,https://pbs.twimg.com/profile_images/1957187582204289024/Zsdiv417_normal.jpg
27719025,dventuri,dventuri,Daniel Venturi,https://pbs.twimg.com/profile_images/1330574498/200910_220570014626239_100000197254171_1013857_857660_o_normal.jpg
1587723038728278016,RichardHallandz,RichardHallandz,RichardHallandz,https://pbs.twimg.com/profile_images/1948047591243186176/EtYB2dry_normal.jpg
778255358993182720,palkovali1,palkovali1,palkovali1,https://pbs.twimg.com/profile_images/1766987732012634112/lZucuhUP_normal.jpg
843087090359418881,Steagles70,Steagles70,Steagles70,https://pbs.twimg.com/profile_images/965200014648725504/ZjL8vFua_normal.jpg
952116531470708736,zinkbrink1,zinkbrink1,zinkbrink1,https://pbs.twimg.com/profile_images/1656698591816081409/dpCAw57j_normal.jpg
12579012,ekragency,ekragency,ekragency,https://pbs.twimg.com/profile_images/1734611773960134656/8maBM2kf_normal.jpg
1411320880827936768,Ivvilproject,Ivvilproject,Ivvilproject,https://pbs.twimg.com/profile_images/2054320977043943424/3A9T1MXy_normal.jpg
130546060,Aikkera,Aikkera,Aikkera,https://pbs.twimg.com/profile_images/804725451/Profile_Pic.2_normal.jpg
1894033560539156481,SuXinsheng_Guo,SuXinsheng_Guo,SuXinsheng_Guo,https://pbs.twimg.com/profile_images/1894033679703580672/rNmEnFTU_normal.png
1952944542296227842,shuxxess,shuxxess,shuxxess,https://pbs.twimg.com/profile_images/2022354395887996929/5-GdooEK_normal.jpg
1806708322499698688,LeodMac63628,LeodMac63628,LeodMac63628,https://pbs.twimg.com/profile_images/2072005569011937281/njH8j1ld_normal.jpg
1514314495593656320,waveninja1,waveninja1,waveninja1,https://pbs.twimg.com/profile_images/1663318015360786434/UjGycByU_normal.png
1382718154288283651,gudu1612,gudu1612,gudu1612,https://pbs.twimg.com/profile_images/1771756315419045888/07sEcMKk_normal.jpg
3819511,shopharp,shopharp,shopharp,https://pbs.twimg.com/profile_images/604757956496748545/elH5K9ot_normal.png
373450706,papirosko,papirosko,papirosko,https://pbs.twimg.com/profile_images/1542702390/5209662_normal.jpg
1417431667900174341,nemesislike,nemesislike,nemesislike,https://pbs.twimg.com/profile_images/1846709943929352192/vhdp9UC6_normal.jpg
1546883927549382657,LuizHen00079287,LuizHen00079287,LuizHen00079287,https://pbs.twimg.com/profile_images/1546883993379000321/0cIDc8Nc_normal.png
850511004484096000,steezywonders,steezywonders,steezywonders,https://pbs.twimg.com/profile_images/1008501375938916353/AVr3bjaX_normal.jpg
1496220562938818560,kamaOuattara98,kamaOuattara98,kamaOuattara98,https://pbs.twimg.com/profile_images/1496220626558005248/XOWUUI1m_normal.png
1286596175316029441,AlMafarawy,AlMafarawy,AlMafarawy,https://pbs.twimg.com/profile_images/1807062731322724352/5YMmFtd6_normal.jpg
21217755,Hey_ross,Hey_ross,Hey_ross,https://pbs.twimg.com/profile_images/1905358179296530432/rTe7mJrt_normal.jpg
1836462050525995008,Q2024694202,Q2024694202,Q2024694202,https://pbs.twimg.com/profile_images/1916286752358019072/tZsxJyjl_normal.jpg
52486505,PerfectPennys,PerfectPennys,PerfectPennys,https://pbs.twimg.com/profile_images/1732884459546943488/rnamUpWZ_normal.jpg
1817337013043187712,SylvesterPatr0n,SylvesterPatr0n,🏴‍☠️E.T.🏴‍☠️,https://pbs.twimg.com/profile_images/2065130308656406528/sgA99euq_normal.jpg
331086320,ScottSchilLA,ScottSchilLA,ScottSchilLA,https://pbs.twimg.com/profile_images/1872398185085513728/tFz8fpWs_normal.jpg
1727042370728779776,pumpkinspice741,pumpkinspice741,pumpkinspice741,https://pbs.twimg.com/profile_images/1881436823550836736/9IiodOnp_normal.jpg
611400417,MiserableFly4,MiserableFly4,MiserableFly4,https://pbs.twimg.com/profile_images/1855797172513677312/FgnEbRRH_normal.jpg
1479090658216484865,coastalsaltlife,coastalsaltlife,coastalsaltlife,https://pbs.twimg.com/profile_images/2073085918697717760/XkX_lGEW_normal.jpg
1362545623594115076,ValueAddedRS,ValueAddedRS,ValueAddedRS,https://pbs.twimg.com/profile_images/1633429811992436739/BroDfeOr_normal.jpg
1885660478568796160,abymaelx,abymaelx,abymael,https://pbs.twimg.com/profile_images/2009784220709736448/jzLXQk9j_normal.jpg
3091506477,TwerkOutMachine,TwerkOutMachine,TwerkOutMachine,
1537699309046870016,wis_dalin,wis_dalin,wis_dalin,
2014223613918900225,CausalDrag47009,CausalDrag47009,CausalDrag47009,
2564320258,Thanh16982835,Thanh16982835,Thanh16982835,
1394637195533856770,volcaholic1,volcaholic1,volcaholic1,https://pbs.twimg.com/profile_images/1771625056663117824/WX9tD-J__normal.jpg
2395882488,Quesly2,Quesly2,Quesly2,https://pbs.twimg.com/profile_images/1704939950394019840/aZ_42Jea_normal.jpg
4493173634,thegoldenaged,thegoldenaged,The Golden Age,https://pbs.twimg.com/profile_images/2064452914089963520/3FbYtnDx_normal.jpg
2026065350325125120,beinGMEisslay,beinGMEisslay,BeinGMEisfab,https://pbs.twimg.com/profile_images/2071764912888762368/cgG2U4sN_normal.jpg
1691499091765624832,3453g4erth33921,3453g4erth33921,3453g4erth33921,https://pbs.twimg.com/profile_images/1731038816645820416/j4HpCjeD_normal.jpg
18123899,ripperarts,ripperarts,Ripper Arts Studio,https://pbs.twimg.com/profile_images/1815826481618014209/e3fHvIiR_normal.jpg
1639197203079069696,M3291790989261,M3291790989261,M3291790989261,https://pbs.twimg.com/profile_images/2025706695175839744/YyAxzAJu_normal.jpg
363153855,Rob_Tedesco11,Rob_Tedesco11,RT,https://pbs.twimg.com/profile_images/2016815931197173760/ZB2HdV9G_normal.jpg
1596752940735365120,eeWeeWllamsA,eeWeeWllamsA,🦋eeWeeWllamsAevaHi 💜,https://pbs.twimg.com/profile_images/2057173459608682496/dapaI0lz_normal.jpg
1703533723407310848,ItsTheGravitron,ItsTheGravitron,TheGravitron,https://pbs.twimg.com/profile_images/2050339394129743873/k75SWwos_normal.jpg
2025647096586719232,Pinnoch_IO,Pinnoch_IO,Pinnoch_IO,https://pbs.twimg.com/profile_images/2025650289903296512/sS7LWzMr_normal.jpg
1820634094247804928,GAME_lNFORMER,GAME_lNFORMER,GAME_lNFORMER,https://pbs.twimg.com/profile_images/1999111511994990592/lRCTBkzb_normal.jpg
1281363043734167554,HungryPawnsX,HungryPawnsX,Pawns,https://pbs.twimg.com/profile_images/2057415015636865024/A3rTORPf_normal.jpg
1621246049472888832,mikewil74947430,mikewil74947430,Walleye,https://pbs.twimg.com/profile_images/2024250862181261312/Y0QBAmjp_normal.jpg
2013516778136313856,GulfofAmerica4,GulfofAmerica4,GulfofAmerica4,https://pbs.twimg.com/profile_images/2054339169846247424/VATxFlcU_normal.jpg
2028596499710631936,king4451758,king4451758,king4451758,https://pbs.twimg.com/profile_images/2028598148046913536/uIoBtz9K_normal.jpg
2027629814971305984,AmericaFor68786,AmericaFor68786,AmericaFor68786,https://pbs.twimg.com/profile_images/2027644541373976579/yC9sTC6K_normal.jpg
2033396631366971392,Anaximander64,Anaximander64,Anaximander64,https://pbs.twimg.com/profile_images/2033396842604675072/sPDA2vYq_normal.jpg
2034403552618274817,1776DChess,1776DChess,1776DChess,https://pbs.twimg.com/profile_images/2034403670998274048/mVThQUU2_normal.jpg
2033066984603340800,Laozi186743,Laozi186743,Laozi186743,https://pbs.twimg.com/profile_images/2033068555328253952/znZmx1Qe_normal.jpg
2034092590489079812,GeorgeMacD25928,GeorgeMacD25928,GeorgeMacD25928,https://pbs.twimg.com/profile_images/2034092690414178304/2-fzjRkt_normal.jpg
2029097261914071040,JohnFKenne90424,JohnFKenne90424,JohnFKenne90424,https://pbs.twimg.com/profile_images/2029098198095282179/PAWcdy26_normal.jpg
1818528282163527682,Storm_Debris,Storm_Debris,Storm_Debris,https://pbs.twimg.com/profile_images/1956118354823143425/nrsihU8O_normal.jpg
1730361718130528256,ManifMOASS,ManifMOASS,ManifMOASS,https://pbs.twimg.com/profile_images/1903278714894553089/pxxo_rbV_normal.jpg
1518716526018314240,crayongreen4,crayongreen4,crayon green,https://pbs.twimg.com/profile_images/2002086858205904896/Pw6zmCVU_normal.jpg
1655571282828640262,NumberWonTwice,NumberWonTwice,NumberWonTwice,https://pbs.twimg.com/profile_images/1928115717490266112/jcdApDsh_normal.jpg
1716977208420425728,MrsApeVentures,MrsApeVentures,MrsApeVentures,https://pbs.twimg.com/profile_images/2073460977492738048/FYR3YK4E_normal.jpg
55035733,myrealtorty,myrealtorty,Hulkstler,https://pbs.twimg.com/profile_images/2056560341723525120/GyMgjqG7_normal.jpg
2707206746,LuckyN0Slev1n,LuckyN0Slev1n,LuckyN0Slev1n,https://pbs.twimg.com/profile_images/1953671387568033792/u4vnvTfK_normal.jpg
1150974809255206913,iyahmaymusic,iyahmaymusic,iyahmaymusic,https://pbs.twimg.com/profile_images/1996560809749803008/9ymvTKlk_normal.jpg
1663308107240570880,IanCarrollShow,IanCarrollShow,IanCarrollShow,https://pbs.twimg.com/profile_images/1670126000540356609/EL-UviF5_normal.jpg
1692578844627156995,the_travis_b13,the_travis_b13,the_travis_b13,https://pbs.twimg.com/profile_images/1740194859107926016/3rdKZNHy_normal.jpg
1511162050097168390,Defilife_ape,Defilife_ape,Defilife_ape,https://pbs.twimg.com/profile_images/2073460265639698433/rsSk7SnG_normal.jpg
1502806113951129602,markt83101520,markt83101520,mark t,https://pbs.twimg.com/profile_images/1733276033447518208/e72ErA9v_normal.jpg
149766359,the_inertia,the_inertia,the_inertia,https://pbs.twimg.com/profile_images/618215129822334976/Bnwa6XYP_normal.jpg
1454677915015188481,koip741,koip741,koip.base.eth🏴‍☠️🦍🕳🐇💜🦋👐🐲,https://pbs.twimg.com/profile_images/2035171720844169216/n4-vW3k4_normal.jpg
20687770,RoaringSensei,RoaringSensei,RoaringSensei,https://pbs.twimg.com/profile_images/2046367000809881600/NYeshB1w_normal.jpg
1679606045461577728,Mericamemed,Mericamemed,Mericamemed,https://pbs.twimg.com/profile_images/1710485897563566081/mWy3bWZo_normal.png
1354600619739385870,GoingBroke6,GoingBroke6,GoingBroke,https://pbs.twimg.com/profile_images/1965782547759017984/Mpjk_mob_normal.jpg
1667205551871213569,PhantomBlack699,PhantomBlack699,PhantomBlack699,https://pbs.twimg.com/profile_images/1733198877241544705/Dr_hl6VI_normal.jpg
1411751935443619846,Bbq_79BU,Bbq_79BU,Bbq_79BU,https://pbs.twimg.com/profile_images/2059326395122061312/Tnf7KZwS_normal.jpg
2616833267,RockSol1d_,RockSol1d_,RockSol1d,https://pbs.twimg.com/profile_images/2069561670431870976/q8W9Atnr_normal.jpg
295325513,LEGO_Group,LEGO_Group,LEGO_Group,https://pbs.twimg.com/profile_images/1826926870165639168/gQ474QsX_normal.jpg
1552821599954300928,OzBlackKnight,OzBlackKnight,Black Knight,https://pbs.twimg.com/profile_images/1552821711141158915/LJxt_lTS_normal.png
1955562736437321728,johnny_glue,johnny_glue,Poor_Vida 💣💥,https://pbs.twimg.com/profile_images/1998604075588276224/8gfK6OTk_normal.jpg
1727019793440559104,OgSpaceJam22,OgSpaceJam22,OgSpaceJam22,https://pbs.twimg.com/profile_images/2071935706709086208/a-xSEqfY_normal.jpg
1966295422428643328,cs236802,cs236802,cs236802,
21545844,m4rty,m4rty,m4rty,
1506686606098374670,MemeStockMillyz,MemeStockMillyz,Cap’n Wicked 🦆 🏴‍☠️ 🤪 🐧 ( Reckoning Arc ),https://pbs.twimg.com/profile_images/2057099502566383616/IPIn7KQa_normal.jpg
721481843162406912,ContrarianShort,ContrarianShort,ContrarianShort,https://pbs.twimg.com/profile_images/1466946519400165379/cqp1_zrj_normal.jpg
1428234122275733508,AsadaJoseph,AsadaJoseph,Joseph Asada,https://pbs.twimg.com/profile_images/1955001496686211072/VRyd0-UK_normal.jpg
1840074766775963648,AlexZarac,AlexZarac,AlexZarac,https://pbs.twimg.com/profile_images/1882329696106381312/aBA20jIo_normal.jpg
1822706366345101312,bobeconlog,bobeconlog,Bob Econlog,https://pbs.twimg.com/profile_images/2025832488551972864/3s3OZqVs_normal.jpg
1499076118271381516,TrueNorthLarry,TrueNorthLarry,Larry of the North,https://pbs.twimg.com/profile_images/2027751158228320257/BF_lZObn_normal.jpg
1706469064888274944,Lououbell1983,Lououbell1983,Lindsay,https://pbs.twimg.com/profile_images/2070230013442736128/Eyt3aDSr_normal.jpg
2025090897499824128,albradiach79482,albradiach79482,albradiach79482,https://pbs.twimg.com/profile_images/2028373211508027392/Ybqi8zLu_normal.jpg
1692704531551866880,rc420gmexbbbyq,rc420gmexbbbyq,Hermdaddy,https://pbs.twimg.com/profile_images/1756783519278264320/BVAnIV13_normal.jpg
3769263132,pootoowoohoo,pootoowoohoo,🧄 PoorGarlic,https://pbs.twimg.com/profile_images/1998895568576299008/uXbhtbgc_normal.jpg
1848240522743484416,BobbyCat42mtHED,BobbyCat42mtHED,BobbyCat42mtHED,https://pbs.twimg.com/profile_images/2056388076658987008/wm0zLeud_normal.jpg
2281193119,jammusnu,jammusnu,BRUCE iLLest 🏴‍☠️🪡🦈,https://pbs.twimg.com/profile_images/1822309587678068736/xwNG9tMJ_normal.jpg
1587536842211184641,ChadJustDrums,ChadJustDrums,ChadJustDrums,https://pbs.twimg.com/profile_images/2039190657475260416/BHx3Opuu_normal.jpg
1727027848253227009,babynfa,babynfa,babynfa,https://pbs.twimg.com/profile_images/2071728175743127552/4t7UGy9Q_normal.jpg
917801691696599041,airspud21,airspud21,airspud21,https://pbs.twimg.com/profile_images/1874594392591433728/_ClITeCh_normal.jpg
1814795981726027776,ChungusInvestor,ChungusInvestor,ChungusInvestor,https://pbs.twimg.com/profile_images/2064668313070841856/gtPYvADh_normal.jpg
1677693909281931264,GutterRunners,GutterRunners,GutterRunners,https://pbs.twimg.com/profile_images/1983629398176612352/j_XFPbuR_normal.jpg
331648216,Hann1balSmith,Hann1balSmith,Hannibal Smith,https://pbs.twimg.com/profile_images/1935699338312699904/r0J7LmQy_normal.jpg
895402156785848320,PufffGive,PufffGive,PufffGive,https://pbs.twimg.com/profile_images/2052608679195930624/Ijhb5iGZ_normal.jpg
3645011728,swoletech52,swoletech52,tech_five_two,https://pbs.twimg.com/profile_images/1734087398340825088/k9oh1m92_normal.jpg
1549187268648337408,NightHawkmemes,NightHawkmemes,Night Hawk,https://pbs.twimg.com/profile_images/1549187525050261505/j1A7QkGe_normal.jpg
1472628003658211340,NWiOta,NWiOta,NW,https://pbs.twimg.com/profile_images/1885847394555953152/ptAguQ8y_normal.jpg
1705320054240190464,SearsReloaded,SearsReloaded,Sears Revenge,https://pbs.twimg.com/profile_images/2046988717244477440/wqekFHxh_normal.jpg
1365871456312320006,twinturbomonkey,twinturbomonkey,TTM ⠞⠺⠊⠝ ⠞⠥⠗⠃⠕,https://pbs.twimg.com/profile_images/1885168112632315904/8CAum9us_normal.jpg
1859475491566039040,JohnJames348031,JohnJames348031,John James,https://pbs.twimg.com/profile_images/1859475688278904832/OAyLRaw-_normal.jpg
1869455962290921474,TARDGUIN,TARDGUIN,TARDGUIN Digital Tool,https://pbs.twimg.com/profile_images/2032524768608661505/w8NKG6ET_normal.jpg
36183415,markusen,markusen,Markus Enblaum,https://pbs.twimg.com/profile_images/1806165515993509888/mnOo5aQx_normal.jpg
1603135273340002304,SoulPunisher_,SoulPunisher_,Jae Ásvald,https://pbs.twimg.com/profile_images/2021722241692839937/i14NBH2k_normal.jpg
2025644956111761409,BbbyqDegen,BbbyqDegen,BBBYQDegen,https://abs.twimg.com/sticky/default_profile_images/default_profile_normal.png
1412946117122314245,mariofs102,mariofs102,WinChasers,https://pbs.twimg.com/profile_images/1412946352879935497/NIGeeD8L_normal.jpg
136995399,BuccoMike,BuccoMike,BuccoMike,https://pbs.twimg.com/profile_images/1731757046352007169/obtf2-c5_normal.jpg
1821413468161163265,Songydang,Songydang,Sigourney's Beaver,https://pbs.twimg.com/profile_images/1821448571369197568/o-pKm3aV_normal.jpg
1344375818932387841,DanemanDash,DanemanDash,@DaneManDash,https://pbs.twimg.com/profile_images/1731449228184948737/3EAI3MN0_normal.jpg
1026019178824646656,IRHOTSHOT,IRHOTSHOT,IRHOTSHOT,https://pbs.twimg.com/profile_images/1791007610076016640/Fh6mgIrJ_normal.jpg
22406262,TripleAJade,TripleAJade,TripleAJade,https://pbs.twimg.com/profile_images/1998911156363436032/4xWUuKtF_normal.jpg
5920532,Delta,Delta,Delta,https://pbs.twimg.com/profile_images/1275507788609880070/O1z2hVZv_normal.jpg
1312071240207736834,JosephCobraKai,JosephCobraKai,JosephGMECobraKai,https://pbs.twimg.com/profile_images/1964706208897482752/Qjllh1SH_normal.jpg
1751000297760075776,Kory__Corner,Kory__Corner,Kory__Corner,https://pbs.twimg.com/profile_images/1983284143652835328/Zue0RIId_normal.jpg
25837549,PadreMongol,PadreMongol,PadreMongol,https://pbs.twimg.com/profile_images/1992255321331449856/5-rs6sUj_normal.jpg
1787856114651975680,RexiconRex,RexiconRex,Rex,https://pbs.twimg.com/profile_images/1793986717684248576/2LUOzXpv_normal.jpg
1695529669146136576,Jeepy98X,Jeepy98X,BaRrAbAs pour les intimes...pas toé @ryancohen,https://pbs.twimg.com/profile_images/2038606300427460610/N-q-YqpJ_normal.jpg
1342485911460868097,FiveForForty,FiveForForty,FiveForForty,https://pbs.twimg.com/profile_images/2070243568715771904/pY5YetLi_normal.jpg
1946811897887723520,Balogne_VVealth,Balogne_VVealth,Balogne_VVealth,https://pbs.twimg.com/profile_images/2013838341305765888/3yFx-tju_normal.jpg
14633181,ZeeJay4,ZeeJay4,ZeeJay4,https://pbs.twimg.com/profile_images/2073560986351489024/JW-qvFs__normal.jpg
41462817,qbikal,qbikal,qbikal,https://pbs.twimg.com/profile_images/2003664901047484417/1ksk10nj_normal.jpg
1642625231977316352,BarryBadgernads,BarryBadgernads,Hank E,https://pbs.twimg.com/profile_images/2056409149404307456/aMTQ4mP9_normal.jpg
1744793899443376128,beartrapmovie,beartrapmovie,The Bear Trap,https://pbs.twimg.com/profile_images/1747091853416038400/ayExycYC_normal.jpg
1710327694225768448,Corey42732,Corey42732,Yeroc 🇨🇦,https://pbs.twimg.com/profile_images/1710330635401773060/no3atrc5_normal.jpg
22449367,wsl,wsl,wsl,https://pbs.twimg.com/profile_images/1891916913808216065/3H_SX-Ni_normal.jpg
48497136,Lexus,Lexus,Lexus,https://pbs.twimg.com/profile_images/1988633043477639169/56l99Qc8_normal.jpg
1934340618597396480,RamezKhanJamali,RamezKhanJamali,RamezKhanJamali,https://pbs.twimg.com/profile_images/2003373271132315648/iIDZ_0Oh_normal.jpg
1589245908486688768,LawyerUpBB,LawyerUpBB,LawyerUpBB,https://pbs.twimg.com/profile_images/2058431990810996736/ofRhDQ8I_normal.jpg
1810780128559124484,Tinfoil_Virus,Tinfoil_Virus,tinfoilvirus,https://pbs.twimg.com/profile_images/1905269497503653888/QTM8vWdN_normal.jpg
30354164,whoisjob,whoisjob,whoisjob,https://pbs.twimg.com/profile_images/1166098210890211328/wNZ_ZsBX_normal.jpg
1699504173467795456,wheels42069,wheels42069,wheels42069,https://pbs.twimg.com/profile_images/1739474389173678080/Bs1q75gf_normal.jpg
1016523214422511617,DOMOCAPITAL,DOMOCAPITAL,DOMOCAPITAL,https://pbs.twimg.com/profile_images/1034441769616736256/8rqrsR5D_normal.jpg
1511534194542866437,feralbutfriend,feralbutfriend,feralbutfriend,https://pbs.twimg.com/profile_images/2060108866130714624/bZaDEgSP_normal.jpg
510649708,DominosJack,DominosJack,DominosJack,https://pbs.twimg.com/profile_images/1736932620032770049/zxUvuGWj_normal.jpg
1667355787457617922,Rad2023Dad,Rad2023Dad,Dad_Jokes_Rad_Jokes_,https://pbs.twimg.com/profile_images/1945456399728676864/i8bDD7Dj_normal.jpg
1863925893854588928,fbb4official,fbb4official,fbb4official,https://pbs.twimg.com/profile_images/1863926049760845824/48P3ZL3L_normal.jpg
1748075901118525440,NetAxisGroup,NetAxisGroup,NetAxisGroup,https://pbs.twimg.com/profile_images/1748083370381160448/D9KKlCSL_normal.jpg
1823696184554491904,Sensei_HG,Sensei_HG,Sensei_HG,https://pbs.twimg.com/profile_images/1950747500023058432/hn76kPsE_normal.jpg
1976106645739524096,ArtOfMemeEvent,ArtOfMemeEvent,ArtOfMemeEvent,https://pbs.twimg.com/profile_images/1988271498839113728/oMqn-_PP_normal.jpg
1516970423119978499,viau_mark,viau_mark,TradeMark,https://pbs.twimg.com/profile_images/1956167145722642433/xCgYdPK2_normal.jpg
1938380068570419200,ace_ventur50401,ace_ventur50401,ace_ventur50401,https://pbs.twimg.com/profile_images/1938380118105440256/uvYPW4VZ_normal.jpg
1356434353623093249,greg16676935420,greg16676935420,greg16676935420,https://pbs.twimg.com/profile_images/1581014308397502464/NPogKMyk_normal.jpg
208481707,tZERO,tZERO,tZERO,https://pbs.twimg.com/profile_images/2007964811066290176/8f8Y7XF0_normal.jpg
1769520704951848960,Channel5iveNews,Channel5iveNews,Channel5iveNews,https://pbs.twimg.com/profile_images/1869531243634982912/vvwBePYx_normal.jpg
100367386,IndianaUniv,IndianaUniv,IndianaUniv,https://pbs.twimg.com/profile_images/1380600511804665857/udkalArb_normal.jpg
26281090,larryvc,larryvc,larryvc,https://pbs.twimg.com/profile_images/137693640/LC4_normal.jpg
1585715577896566784,Eileen_927,Eileen_927,Eileen_927,https://pbs.twimg.com/profile_images/2058275661459140608/4bsJUSdG_normal.jpg
2729891142,USMobile,USMobile,USMobile,https://pbs.twimg.com/profile_images/1820497105649025024/bzgFIeoc_normal.jpg
1686029749741662213,Bbd0gg1,Bbd0gg1,Bdogg,https://pbs.twimg.com/profile_images/2008023307564531712/1TfxbtwN_normal.jpg
1909998448738271232,1_2Switch,1_2Switch,1_2Switch,https://pbs.twimg.com/profile_images/2040029237248172032/cwZOPc4t_normal.jpg
1380047808326164481,No_Pie_2109,No_Pie_2109,No_Pie_2109,https://pbs.twimg.com/profile_images/1734530322211938305/QRSkOlER_normal.jpg
1706399883014311937,wewost,wewost,wewost,https://pbs.twimg.com/profile_images/1964733109653401600/49F_zED4_normal.jpg
18927441,IGN,IGN,IGN,https://pbs.twimg.com/profile_images/2063436543499599872/wrx46Fve_normal.jpg
2012610961308319744,BPuppy80020,BPuppy80020,BPuppy80020,
1101419342,emily_roll,emily_roll,Emily Roll,https://pbs.twimg.com/profile_images/378800000455941579/ecb9bce012651dea162d521225f1407f_normal.jpeg
3677962038,DFDOzzy,DFDOzzy,DFDOzzy,https://pbs.twimg.com/profile_images/818175138143342594/uePdCKaw_normal.jpg
1568153444233494530,SalisuKasimu3,SalisuKasimu3,SalisuKasimu3,https://pbs.twimg.com/profile_images/1568154583037263872/lftl4orM_normal.png
1430716792272429056,GMEethereum,GMEethereum,GMEethereum,https://pbs.twimg.com/profile_images/1878106169891237888/ucb17veF_normal.jpg
1381237994137391105,__lawnmowerman_,__lawnmowerman_,__lawnmowerman_,https://pbs.twimg.com/profile_images/1872492993678315520/6JlEJVVa_normal.jpg
453373363,punt_rd,punt_rd,punt_rd,https://pbs.twimg.com/profile_images/1601172979529809920/e8OTBa1u_normal.jpg
1790833662595915777,CR4163R,CR4163R,CR4163R,https://pbs.twimg.com/profile_images/1790835704596926466/Z-mNSxIF_normal.jpg
1679707499765673985,Tusk_4Real,Tusk_4Real,Tusk 🦣,https://pbs.twimg.com/profile_images/2038857002051420160/JoVNy5YU_normal.jpg
1810485245936082945,CheifKeifGill,CheifKeifGill,CheifKeifGill,https://pbs.twimg.com/profile_images/1810490073776783360/hc7qdpXF_normal.jpg
1084921778600927234,clownworld1984,clownworld1984,clownworld1984,https://pbs.twimg.com/profile_images/1849650284915568641/TH8CmfRn_normal.jpg
835679383927013376,CXLVIICXLVII,CXLVIICXLVII,GameStop Guru,https://pbs.twimg.com/profile_images/1868142555684102144/avj5__1D_normal.jpg
1727347426535636992,snoopston808,snoopston808,snoopston808,https://pbs.twimg.com/profile_images/2064761177280765953/i9pVLr2l_normal.jpg
22258315,GameStop,GameStop,GameStop,https://pbs.twimg.com/profile_images/1998354180180963328/zr1GIo6a_normal.png
1430597656515022848,Zia_11_11,Zia_11_11,@Zia,https://pbs.twimg.com/profile_images/2051822046527811584/OQZi_mF2_normal.jpg
17629860,FBI,FBI,FBI,https://pbs.twimg.com/profile_images/1957524679410765830/Z1XqG4lJ_normal.jpg
1438217502413271042,DOJCrimDiv,DOJCrimDiv,DOJCrimDiv,https://pbs.twimg.com/profile_images/1438222556054626307/DJ-UjnIb_normal.jpg
377707140,epiphanyremy,epiphanyremy,KYP,https://pbs.twimg.com/profile_images/2036488518407684096/HoG-Zbu6_normal.jpg
961013052694061057,WenBeck5,WenBeck5,WenBeck5,https://pbs.twimg.com/profile_images/2048411619731091456/r0t2IRms_normal.jpg
26787673,CocaCola,CocaCola,CocaCola,https://pbs.twimg.com/profile_images/1234873883850952704/JQhv0G7n_normal.jpg
1881405931017445376,princestpizza_,princestpizza_,princestpizza_,https://pbs.twimg.com/profile_images/1881406112957878273/aNtEZeCH_normal.jpg
67418441,Disney,Disney,Disney,https://pbs.twimg.com/profile_images/2049111763665186817/foOOMOS3_normal.jpg
791291678,CMNHospitals,CMNHospitals,CMNHospitals,https://pbs.twimg.com/profile_images/2073310878024499200/ybZHlAJ1_normal.png
1434584374868054016,Kyl0Z3n,Kyl0Z3n,Kyl⭕ZΞn,https://pbs.twimg.com/profile_images/2035159725067698177/xyEwyeaA_normal.jpg
18699923,thrashermag,thrashermag,thrashermag,https://pbs.twimg.com/profile_images/1781381814164353024/CUEdsHY8_normal.jpg
1622700965164990464,MeowFaceMcKitty,MeowFaceMcKitty,MeowFaceMcKitty,https://pbs.twimg.com/profile_images/2022240352691003392/8uAVCFf8_normal.jpg
1987316700023488512,RightSedFred741,RightSedFred741,RiteSedFred741,https://pbs.twimg.com/profile_images/1987346669491326976/LH_ml7O7_normal.jpg
1152997126693167104,TeamPulte,TeamPulte,TeamPulte,https://pbs.twimg.com/profile_images/1724242181823623168/z_qsYBzL_normal.jpg
1680781216692465664,RoyMech148021,RoyMech148021,RoaringRoy2BMech,https://pbs.twimg.com/profile_images/1791914829659172864/7zyBiai4_normal.jpg
1623351852782829570,Captaintrips333,Captaintrips333,Captain Trips,https://pbs.twimg.com/profile_images/1798633094238580736/MO_Ie_Pv_normal.jpg
3219028848,Ofknfjwks,Ofknfjwks,Ofknfjwks,https://pbs.twimg.com/profile_images/1843101196476727296/77pBZwKm_normal.jpg
1701296279110787073,idealideas,idealideas,idealideas,https://pbs.twimg.com/profile_images/2070214025867104256/kn7T0BXI_normal.jpg
1597424433806790656,alpha5tate,alpha5tate,alpha5tate 🇺🇸,https://pbs.twimg.com/profile_images/2062311244011536384/I2XAR0T7_normal.jpg
1682142113985622018,D2322541151185,D2322541151185,D2322541151185,https://pbs.twimg.com/profile_images/1768401442816372736/CrEt6kx5_normal.jpg
1986187834538201088,OfficialPPNFT,OfficialPPNFT,OfficialPPNFT,https://pbs.twimg.com/profile_images/2020710916145426433/b3S5uz9G_normal.jpg
16004470,Surfer,Surfer,Surfer,https://pbs.twimg.com/profile_images/613067647983316993/DyTAoog2_normal.jpg
1594736799649353729,Tim_NUneedsQB,Tim_NUneedsQB,Mr. Tank,https://pbs.twimg.com/profile_images/2072403881020010496/PqwvKo9Q_normal.jpg
1550319323192983552,Hiram19669085,Hiram19669085,Hiram19669085,https://pbs.twimg.com/profile_images/1832943763108315136/lpGj4TrP_normal.jpg
1519377480624214017,realMarkRummel,realMarkRummel,Mark Rümmel,https://pbs.twimg.com/profile_images/1879663172732301312/vmUEoQD9_normal.jpg
1520034910458859520,BuddyKaufman3,BuddyKaufman3,BuddyKaufman3,https://pbs.twimg.com/profile_images/1991916210217238528/V8-HvNzQ_normal.jpg
29384939,sausageicecream,sausageicecream,sausageicecream,https://pbs.twimg.com/profile_images/2047735524140400640/0d_2crxY_normal.jpg
1808264799408537600,neil_soiam,neil_soiam,neil_soiam,https://pbs.twimg.com/profile_images/1808793663964672000/cVsncJSI_normal.jpg
1411835764825014274,EmptyEggBasket,EmptyEggBasket,EmptyEggBasket,https://pbs.twimg.com/profile_images/1746935423685849088/C4Lt-Oiz_normal.jpg
1349665371700097024,SkyBrockmoller,SkyBrockmoller,SkyBrockmoller,https://pbs.twimg.com/profile_images/1742311568677687296/24Fi14k__normal.jpg
1891151069121748992,IvanOticing,IvanOticing,Ivan Oticing,https://pbs.twimg.com/profile_images/1894928472063062016/wSB9h8Xn_normal.jpg
1936925887884062720,10274237799a,10274237799a,10274237799a,https://pbs.twimg.com/profile_images/1984810521892118529/urfiJwRl_normal.jpg
1695873519908007936,KinKybbby,KinKybbby,KinKybbby,https://pbs.twimg.com/profile_images/2067848180025421824/r24ySHOZ_normal.jpg
1985221122212966400,bongwaterwisdom,bongwaterwisdom,bongwaterwisdom,https://pbs.twimg.com/profile_images/1985226269139841024/SFvVh7TD_normal.jpg
761054498173231107,PanchaliDas4,PanchaliDas4,Panchali Das,https://pbs.twimg.com/profile_images/1206561701149020161/hSKELmuf_normal.jpg
1417733135903727619,Out_And_About__,Out_And_About__,Out_And_About__,https://pbs.twimg.com/profile_images/2055308370131791872/hgeMxnYA_normal.jpg
1495371369395150853,LakmalB33978969,LakmalB33978969,LakmalB33978969,https://pbs.twimg.com/profile_images/1495371491034214403/Mg-S8089_normal.png
1766871375229100032,wisdomvaluehenr,wisdomvaluehenr,wisdomvaluehenr,https://pbs.twimg.com/profile_images/2011079178846629889/sxKKXT7g_normal.jpg
1784348529881927680,drswoutbdries,drswoutbdries,drswithoutboundaries🦋,https://pbs.twimg.com/profile_images/1784361329710542848/x2SOhHPe_normal.jpg
1483986164377870340,Cognitobot,Cognitobot,Cognito,https://pbs.twimg.com/profile_images/2049171178951200768/tQJlponR_normal.jpg
1249035766828679169,Buckydunn,Buckydunn,𝕏💎₿𝕌ℂ𐤊𝕋𝕆𝕊ℍ𝕀💎𝕏,https://pbs.twimg.com/profile_images/1855697499543183360/hhafaG9d_normal.jpg
1869068460426141696,Gmestopsol,Gmestopsol,Gmestopsol,https://pbs.twimg.com/profile_images/1930011030752542720/iJrrsipn_normal.jpg
1789839721734045696,MrsPPSeeds,MrsPPSeeds,MrsPPSeeds,https://pbs.twimg.com/profile_images/1890257777244672000/XBz0HBG9_normal.jpg
1401038671810240512,haggar_1111,haggar_1111,TheRealHaggar,https://pbs.twimg.com/profile_images/1992443289094795264/h4utLALv_normal.jpg
1878283507962609664,FreitagMau88738,FreitagMau88738,Maurice Freitag,https://abs.twimg.com/sticky/default_profile_images/default_profile_normal.png
2793018342,djwhatshername2,djwhatshername2,djwhatshername2,
1724537957653102592,wraith_lurker,wraith_lurker,Legenlorn,https://pbs.twimg.com/profile_images/1967939571225600000/uqdvscDf_normal.jpg
1356410557025386497,bobdole08923509,bobdole08923509,bobdole08923509,https://pbs.twimg.com/profile_images/1905660094047559681/LRd1OsbA_normal.jpg
417636180,ReneeEilene,ReneeEilene,ReneeEilene,https://pbs.twimg.com/profile_images/1982957786440093696/N7VKHp8y_normal.jpg
1170452484285849600,RethaMarsden,RethaMarsden,RethaMarsden,https://pbs.twimg.com/profile_images/2014432379411300353/bVPMaTSs_normal.jpg
1554608298841853953,GUARDIAN10082,GUARDIAN10082,GUARDIAN10082,https://pbs.twimg.com/profile_images/1916515231301267456/iiESRQvI_normal.jpg
1551720125354606596,TeddyKaccy,TeddyKaccy,TeddyKaccccy,https://pbs.twimg.com/profile_images/1859295194169884673/sY-ixA28_normal.jpg
1755387246516097024,CremeGlaceeBBBY,CremeGlaceeBBBY,𝕁𝕒𝕔𝕜 𝔻𝕒𝕟𝕚𝕖𝕝,https://pbs.twimg.com/profile_images/1984126603819896833/k_XjWwvm_normal.jpg
1676298174598639627,conchaos21,conchaos21,conchaos21,https://pbs.twimg.com/profile_images/1732770237517287424/9tSHMuXf_normal.jpg
305375141,Weavenut,Weavenut,Weavenut,https://pbs.twimg.com/profile_images/2050716469416333312/5joCGKYt_normal.jpg
16331756,wsvn,wsvn,wsvn,https://pbs.twimg.com/profile_images/629323138011123712/vWW4QIUC_normal.jpg
18728203,WPLGLocal10,WPLGLocal10,WPLGLocal10,https://pbs.twimg.com/profile_images/1940136987991707648/uRj4IS-8_normal.jpg
15727981,nbc6,nbc6,nbc6,https://pbs.twimg.com/profile_images/1877459307047915520/IZqSiiEr_normal.jpg
382235939,ftlauderdalepd,ftlauderdalepd,ftlauderdalepd,https://pbs.twimg.com/profile_images/1899471840008916992/R0gk7Qzt_normal.jpg
15606755,CBS12,CBS12,CBS12,https://pbs.twimg.com/profile_images/963903623322247169/zuS5gTwx_normal.jpg
1971012430978588672,LavaMoe8175,LavaMoe8175,Moe Lava’s Donkey,https://pbs.twimg.com/profile_images/1979575398041001984/d2GmEPGR_normal.jpg
985185852644057089,ClarenceTravi13,ClarenceTravi13,tom tom 7112,https://pbs.twimg.com/profile_images/2010047377093038080/qJ5AoUGv_normal.jpg
1611704664533221377,artbutnow,artbutnow,artbutnow,https://pbs.twimg.com/profile_images/2041513382600441856/Xo3YgUeF_normal.jpg
12133382,PBS,PBS,PBS,https://pbs.twimg.com/profile_images/1618362510503026712/F_wzXwCZ_normal.png
1813740786498064384,johnhimjac30,johnhimjac30,JimJohnJames,https://pbs.twimg.com/profile_images/2066957676462964736/vprMGD_a_normal.jpg
1706371390851731456,cptnredbeard147,cptnredbeard147,Cptnredbeard147,https://pbs.twimg.com/profile_images/1922451240350277632/9fKx_oyt_normal.jpg
1859658109024862208,Barking_Shannon,Barking_Shannon,Barking Shannon,https://pbs.twimg.com/profile_images/1859658177500889089/9yk-Yhuu_normal.png
2865723328,DBG1711,DBG1711,DBG1711,https://pbs.twimg.com/profile_images/2071218497191919616/7QDhcm1c_normal.jpg
1658204966866001937,Jinhooniekim,Jinhooniekim,Jinhooniekim,https://pbs.twimg.com/profile_images/1847097964352634880/rpzoVsB4_normal.jpg
1452665548710555655,cowboytx,cowboytx,cowboytx,https://pbs.twimg.com/profile_images/1813631111139934208/kcZ6JG9c_normal.jpg
1402385558387576834,LMUNOZW,LMUNOZW,LMUNOZW,https://pbs.twimg.com/profile_images/2066264869704171520/bAfQ4TyV_normal.jpg
979146251735269376,ISmellGlue,ISmellGlue,ISmellGlue,https://pbs.twimg.com/profile_images/1827967880727498753/UQF86p8t_normal.jpg
765006683500322816,JuniorsFinest24,JuniorsFinest24,JustMe,https://pbs.twimg.com/profile_images/1903189984460328960/__bS2ovj_normal.jpg
1382850709515767810,OhMe_OhMy,OhMe_OhMy,OhMe_OhMy,https://pbs.twimg.com/profile_images/2042623456303312897/7mA8wIyk_normal.jpg
202477460,j0nnysalami,j0nnysalami,J0nny,https://pbs.twimg.com/profile_images/2049691920134463488/jEKZYO6A_normal.jpg
24749103,Snowbird,Snowbird,Snowbird,https://pbs.twimg.com/profile_images/1582089487277965313/qQn4qNjc_normal.jpg
1772619751145029632,Miyagi_Luvs_Wax,Miyagi_Luvs_Wax,Miyagi_3_Wax,https://pbs.twimg.com/profile_images/1773097868024262656/E-ihmUR8_normal.jpg
1558638440777924608,PorfirioPastra1,PorfirioPastra1,PorfirioPastra1,https://pbs.twimg.com/profile_images/1958133489309458432/gZkK3bHM_normal.jpg
9300262,politico,politico,politico,https://pbs.twimg.com/profile_images/1821642506800353280/xIpx4wIO_normal.jpg
2315444339,Shanemgillis,Shanemgillis,Shanemgillis,https://pbs.twimg.com/profile_images/1485878999679123458/7LDAbQY6_normal.jpg
1616581328773976064,GBAZ1992,GBAZ1992,GBAZ1992,https://pbs.twimg.com/profile_images/2057116291203465216/94bij5eT_normal.jpg
1438199680136093703,IamZongo1620,IamZongo1620,I_am_Zongo,https://pbs.twimg.com/profile_images/1438655638939254790/Hy8pxBN7_normal.jpg
1674773718722281474,san_rav88002,san_rav88002,Rav San mojomagsquez🙏❤️,https://pbs.twimg.com/profile_images/2044939517358923776/lw63I-VN_normal.jpg
1479981347431231491,ThetaFiend,ThetaFiend,ThetaFiend,https://pbs.twimg.com/profile_images/1679967908904984577/_DChTTOq_normal.jpg
1701682541734875136,YonDude2,YonDude2,D,https://pbs.twimg.com/profile_images/2073442700502720512/FkXe1WlQ_normal.jpg
36976943,DankerD,DankerD,DankerD,
204881628,BankofAmerica,BankofAmerica,BankofAmerica,https://pbs.twimg.com/profile_images/1675134152683732993/lAPESXB-_normal.jpg
628843310,Manuel0321123,Manuel0321123,Manuel0321123,https://pbs.twimg.com/profile_images/2072349455437770752/m4d0eaA6_normal.jpg
1720665183188922368,grok,grok,grok,https://pbs.twimg.com/profile_images/2057885623374290944/lmj0pawP_normal.jpg
1293709282093998080,Priestess42069,Priestess42069,Priestess The Princess,https://pbs.twimg.com/profile_images/2070331520049410048/mYeT_-ii_normal.jpg
2491022982,Anasthera,Anasthera,Anasthera,https://pbs.twimg.com/profile_images/1617760654995378179/y4Pc4OjA_normal.jpg
19835035,AnaheimDucks,AnaheimDucks,AnaheimDucks,https://pbs.twimg.com/profile_images/2072386766674522112/PMc9wXNQ_normal.png
29460627,FlaPanthers,FlaPanthers,FlaPanthers,https://pbs.twimg.com/profile_images/2040820366931877888/uzCiKOz__normal.jpg
1932873966261084160,DougieLarge,DougieLarge,DougieLarge,https://pbs.twimg.com/profile_images/1933044337480253440/-W1xtGJS_normal.jpg
851777304267075584,just_k_j,just_k_j,just_k_j,https://pbs.twimg.com/profile_images/2060449487391490048/0hAe8tQK_normal.jpg
424318255,147Aurora,147Aurora,MJL,https://pbs.twimg.com/profile_images/1877100796589821952/6XG7z0jI_normal.jpg
1682379828551352320,GucciGregGames,GucciGregGames,Bitch McConnell,https://pbs.twimg.com/profile_images/2044229159640080384/SWzXFwGB_normal.jpg
18954398,XGames,XGames,XGames,https://pbs.twimg.com/profile_images/2044122276225003523/mtq7qKAw_normal.jpg
2477674448,winmonies,winmonies,winmonies,https://pbs.twimg.com/profile_images/2064737139632562176/sydnf-iA_normal.jpg
1308741,natsturner,natsturner,natsturner,https://pbs.twimg.com/profile_images/1513582946980188172/70UOu7vd_normal.jpg
