Source,Target,Type,Weight,Interaction,post_id
2071818048005140480,1614011823405268992,Directed,1,MENTION,2072069582160810354
2071818048005140480,1614011823405268992,Directed,1,RETWEET,2072069582160810354
1937487437967843328,1245931101505212417,Directed,1,MENTION,2072069102764454307
1937487437967843328,1245931101505212417,Directed,1,REPLY,2072069102764454307
2058157522452918272,1714954429047414784,Directed,1,MENTION,2072068095716536713
2058157522452918272,1714954429047414784,Directed,1,RETWEET,2072068095716536713
1757924619770589184,1232817614545616896,Directed,1,MENTION,2072068094726422563
1757924619770589184,1232817614545616896,Directed,1,RETWEET,2072068094726422563
1438216634032853004,1816196079068540928,Directed,1,MENTION,2072068003668099246
1438216634032853004,1816196079068540928,Directed,1,RETWEET,2072068003668099246
1933635941668990976,381994113,Directed,1,MENTION,2072067896105218310
1933635941668990976,912435151786749952,Directed,1,MENTION,2072067896105218310
1933635941668990976,381994113,Directed,1,RETWEET,2072067896105218310
1128709477845303297,1919485136627802112,Directed,1,MENTION,2072067837389144147
1128709477845303297,1919485136627802112,Directed,1,RETWEET,2072067837389144147
1485054114140667907,1581800539649495041,Directed,1,MENTION,2072067649874371046
1485054114140667907,1675956029400440833,Directed,1,MENTION,2072067649874371046
1485054114140667907,1446294551556239361,Directed,1,MENTION,2072067649874371046
1485054114140667907,1581800539649495041,Directed,1,RETWEET,2072067649874371046
1726728910925082624,1518954300524744704,Directed,1,MENTION,2072067527648161994
2052875235913822212,1586483433538260998,Directed,3,MENTION,2072067208113525189
2052875235913822212,1586483433538260998,Directed,3,RETWEET,2072067208113525189
845502179540635648,1816596169599938560,Directed,2,MENTION,2072067024939864331
845502179540635648,1816596169599938560,Directed,2,RETWEET,2072067024939864331
2045253686931443712,1718066956857753600,Directed,2,MENTION,2072066948763164842
2045253686931443712,1718066956857753600,Directed,2,RETWEET,2072066948763164842
1649554189331095560,2038124302575230976,Directed,9,MENTION,2072066732605207033
1649554189331095560,2038124302575230976,Directed,9,RETWEET,2072066732605207033
1813306236047355904,1997272032581767168,Directed,3,MENTION,2072066589365579983
1813306236047355904,1997272032581767168,Directed,3,RETWEET,2072066589365579983
1707473404578955264,1816596169599938560,Directed,14,MENTION,2072066585305694259
1707473404578955264,1816596169599938560,Directed,14,RETWEET,2072066585305694259
1649554189331095560,1811646140367998976,Directed,2,MENTION,2072066547070259558
1707473404578955264,1795864690444103681,Directed,1,MENTION,2072066515697041541
2067596506215931904,1414183721280933892,Directed,1,MENTION,2072066172233683380
2067596506215931904,1414183721280933892,Directed,1,RETWEET,2072066172233683380
1489637632212676608,1865546253146406912,Directed,2,MENTION,2072066160820998354
1489637632212676608,1865546253146406912,Directed,2,RETWEET,2072066160820998354
1970971001937854467,1834296902642487296,Directed,2,MENTION,2072066058245099741
1970971001937854467,1834296902642487296,Directed,2,REPLY,2072066058245099741
2060752566837731330,1645820371491520521,Directed,1,MENTION,2072065848668221695
2060752566837731330,1645820371491520521,Directed,1,RETWEET,2072065848668221695
1203169000055877633,381994113,Directed,1,MENTION,2072065787636887696
1203169000055877633,912435151786749952,Directed,1,MENTION,2072065787636887696
1203169000055877633,381994113,Directed,1,RETWEET,2072065787636887696
1834296902642487296,1970971001937854467,Directed,1,MENTION,2072065731349615066
1834296902642487296,1970971001937854467,Directed,1,RETWEET,2072065731349615066
1349888005398552577,1489942048539037698,Directed,1,MENTION,2072065503955169677
1349888005398552577,1489942048539037698,Directed,1,RETWEET,2072065503955169677
1464307905805623302,1833400120005525504,Directed,1,MENTION,2072065486926307583
1464307905805623302,1833400120005525504,Directed,1,RETWEET,2072065486926307583
1970971001937854467,1834296902642487296,Directed,1,QUOTE,2072065275919274045
1253718322476134401,785327594552123393,Directed,1,MENTION,2072065196235825343
1253718322476134401,66499080,Directed,1,MENTION,2072065196235825343
1253718322476134401,785327594552123393,Directed,1,RETWEET,2072065196235825343
1548884420395950080,1109586726886891521,Directed,1,MENTION,2072065129995288686
1548884420395950080,1109586726886891521,Directed,1,RETWEET,2072065129995288686
1349888005398552577,1414183721280933892,Directed,1,MENTION,2072065108629405954
1349888005398552577,1414183721280933892,Directed,1,RETWEET,2072065108629405954
845502179540635648,1724847675118608384,Directed,1,MENTION,2072064727027454228
845502179540635648,1724847675118608384,Directed,1,RETWEET,2072064727027454228
1209181543547060224,1927426953490956288,Directed,1,MENTION,2072064709248110648
1209181543547060224,1927426953490956288,Directed,1,RETWEET,2072064709248110648
1869519982448586752,3047534733,Directed,1,MENTION,2072064577882271949
1869519982448586752,3047534733,Directed,1,RETWEET,2072064577882271949
1644155471115304968,1995548235705057280,Directed,1,MENTION,2072064405890552059
1644155471115304968,1995548235705057280,Directed,1,RETWEET,2072064405890552059
845502179540635648,381994113,Directed,1,MENTION,2072064309736124507
845502179540635648,912435151786749952,Directed,1,MENTION,2072064309736124507
845502179540635648,381994113,Directed,1,RETWEET,2072064309736124507
1942211630512615424,1749606325569372160,Directed,1,MENTION,2072063969141956834
1942211630512615424,1749606325569372160,Directed,1,RETWEET,2072063969141956834
1772018905130651649,1834296902642487296,Directed,1,MENTION,2072063688480031216
1772018905130651649,1834296902642487296,Directed,1,RETWEET,2072063688480031216
1253718322476134401,1844215532871880714,Directed,1,MENTION,2072063659665228002
1253718322476134401,1844215532871880714,Directed,1,RETWEET,2072063659665228002
1520607529235107840,381994113,Directed,1,MENTION,2072063454131650835
1520607529235107840,912435151786749952,Directed,1,MENTION,2072063454131650835
1520607529235107840,381994113,Directed,1,RETWEET,2072063454131650835
2045378737689026560,1673803279266971648,Directed,8,MENTION,2072063366567514538
1447043687561764865,2031064877452632064,Directed,1,MENTION,2072063352021389352
1447043687561764865,2031064877452632064,Directed,1,RETWEET,2072063352021389352
1217528792555671553,381994113,Directed,1,MENTION,2072062495863279747
1217528792555671553,912435151786749952,Directed,1,MENTION,2072062495863279747
1217528792555671553,381994113,Directed,1,RETWEET,2072062495863279747
1589844216208769024,1581800539649495041,Directed,1,MENTION,2072062168414265755
1589844216208769024,1581800539649495041,Directed,1,RETWEET,2072062168414265755
1566582904540594176,850052887950610432,Directed,1,MENTION,2072061815190626796
1566582904540594176,850052887950610432,Directed,1,RETWEET,2072061815190626796
1843136379800395776,2466363195,Directed,1,MENTION,2072061646344970525
1843136379800395776,2466363195,Directed,1,RETWEET,2072061646344970525
2060752566837731330,1637089507311796230,Directed,1,MENTION,2072061616095473818
2060752566837731330,1637089507311796230,Directed,1,RETWEET,2072061616095473818
1449798729012326401,2034301830034030592,Directed,1,MENTION,2072061218823577985
1449798729012326401,1792478228390797312,Directed,1,MENTION,2072061218823577985
1449798729012326401,2034301830034030592,Directed,1,RETWEET,2072061218823577985
2019374418980433920,1445083978407493638,Directed,1,MENTION,2072061213953921183
2019374418980433920,1445083978407493638,Directed,1,RETWEET,2072061213953921183
913857979405012992,381994113,Directed,1,MENTION,2072061160782721030
913857979405012992,912435151786749952,Directed,1,MENTION,2072061160782721030
913857979405012992,381994113,Directed,1,RETWEET,2072061160782721030
913857979405012992,1277145407445966848,Directed,1,MENTION,2072061046764814829
913857979405012992,1277145407445966848,Directed,1,RETWEET,2072061046764814829
913857979405012992,1714954429047414784,Directed,1,MENTION,2072060999100666020
913857979405012992,1714954429047414784,Directed,1,RETWEET,2072060999100666020
1847621015951855618,381994113,Directed,1,MENTION,2072060941362249797
1847621015951855618,912435151786749952,Directed,1,MENTION,2072060941362249797
1847621015951855618,381994113,Directed,1,RETWEET,2072060941362249797
1301884911431843840,1458495810916732929,Directed,1,MENTION,2072060912022773827
1301884911431843840,1458495810916732929,Directed,1,RETWEET,2072060912022773827
1846107681691783171,381994113,Directed,1,MENTION,2072060608175108145
1846107681691783171,912435151786749952,Directed,1,MENTION,2072060608175108145
1846107681691783171,381994113,Directed,1,RETWEET,2072060608175108145
1727666172324122624,2061239303376715778,Directed,1,MENTION,2072060575639605504
1727666172324122624,2061239303376715778,Directed,1,RETWEET,2072060575639605504
2043514889277161472,1477872227609628672,Directed,1,MENTION,2072060313747304488
2043514889277161472,1477872227609628672,Directed,1,RETWEET,2072060313747304488
1847621015951855618,1880452692834938882,Directed,1,MENTION,2072059457379635490
1847621015951855618,1880452692834938882,Directed,1,RETWEET,2072059457379635490
1509639468676009993,1487836290842304512,Directed,7,MENTION,2072059353583005715
1509639468676009993,1487836290842304512,Directed,7,RETWEET,2072059353583005715
1449798729012326401,381994113,Directed,1,MENTION,2072058469599883463
1449798729012326401,912435151786749952,Directed,1,MENTION,2072058469599883463
1449798729012326401,381994113,Directed,1,RETWEET,2072058469599883463
1653638395501899776,1994982794867740672,Directed,1,MENTION,2072058437832167916
1653638395501899776,1994982794867740672,Directed,1,RETWEET,2072058437832167916
1525664627819851776,1277145407445966848,Directed,1,MENTION,2072057343731470358
1525664627819851776,1277145407445966848,Directed,1,RETWEET,2072057343731470358
1546261482408755202,1736272183473639424,Directed,1,MENTION,2072056548742840764
1546261482408755202,1736272183473639424,Directed,1,RETWEET,2072056548742840764
2378720221,1581800539649495041,Directed,1,MENTION,2072055643796594752
2378720221,1581800539649495041,Directed,1,RETWEET,2072055643796594752
1272640524059639815,1348785591945609219,Directed,1,MENTION,2072055507775287788
1272640524059639815,1348785591945609219,Directed,1,RETWEET,2072055507775287788
1114587090,1277145407445966848,Directed,1,MENTION,2072055439022526892
1114587090,1277145407445966848,Directed,1,RETWEET,2072055439022526892
1114587090,2034301830034030592,Directed,1,MENTION,2072055403786158110
1114587090,2034301830034030592,Directed,1,RETWEET,2072055403786158110
1449548840256696326,1198457124981919744,Directed,1,MENTION,2072055035320840350
1449548840256696326,1198457124981919744,Directed,1,RETWEET,2072055035320840350
1442946705335463936,1785910569280925696,Directed,1,MENTION,2072054975631671412
1442946705335463936,1785910569280925696,Directed,1,RETWEET,2072054975631671412
1845059538870771713,2011017259641430016,Directed,1,MENTION,2072054861483393060
1845059538870771713,2011017259641430016,Directed,1,RETWEET,2072054861483393060
1449548840256696326,4892699111,Directed,1,MENTION,2072054625398935716
1449548840256696326,4892699111,Directed,1,RETWEET,2072054625398935716
1003411218974040065,1267152836774813696,Directed,1,MENTION,2072054588715176062
1003411218974040065,1267152836774813696,Directed,1,REPLY,2072054588715176062
1901535949974016000,1627446418381197314,Directed,2,MENTION,2072054545731969195
1901535949974016000,1627446418381197314,Directed,2,RETWEET,2072054545731969195
1272640524059639815,1724358767267938304,Directed,2,MENTION,2072054483761213474
1272640524059639815,1724358767267938304,Directed,2,RETWEET,2072054483761213474
1546261482408755202,1995548235705057280,Directed,1,MENTION,2072054449950818600
1546261482408755202,1995548235705057280,Directed,1,RETWEET,2072054449950818600
926285927428837377,381994113,Directed,1,MENTION,2072054245944119462
926285927428837377,912435151786749952,Directed,1,MENTION,2072054245944119462
926285927428837377,381994113,Directed,1,RETWEET,2072054245944119462
4685403134,1910018899623526400,Directed,1,MENTION,2072054158400565633
1272640524059639815,1277145407445966848,Directed,1,MENTION,2072054046832087459
1272640524059639815,1277145407445966848,Directed,1,RETWEET,2072054046832087459
1272640524059639815,1714954429047414784,Directed,1,MENTION,2072054036799361211
1272640524059639815,1714954429047414784,Directed,1,RETWEET,2072054036799361211
1598047454083092521,1669810820149067777,Directed,1,MENTION,2072053908617269283
1598047454083092521,1669810820149067777,Directed,1,RETWEET,2072053908617269283
1351322676,1943103466525929472,Directed,1,MENTION,2072053853827002578
1351322676,1943103466525929472,Directed,1,RETWEET,2072053853827002578
1464307905805623302,1943103466525929472,Directed,1,MENTION,2072053814039851509
1464307905805623302,1943103466525929472,Directed,1,RETWEET,2072053814039851509
1067598391440490496,1816196079068540928,Directed,1,MENTION,2072053212744409221
1067598391440490496,1816196079068540928,Directed,1,RETWEET,2072053212744409221
1446294551556239361,1581800539649495041,Directed,3,MENTION,2072053114375405927
1446294551556239361,1581800539649495041,Directed,3,RETWEET,2072053114375405927
1493371762490298368,381938047,Directed,1,MENTION,2072053111758168315
1493371762490298368,885644878096420864,Directed,1,MENTION,2072053111758168315
1493371762490298368,381938047,Directed,1,RETWEET,2072053111758168315
1600515026149933056,381994113,Directed,1,MENTION,2072052775014609263
1600515026149933056,912435151786749952,Directed,1,MENTION,2072052775014609263
1600515026149933056,381994113,Directed,1,RETWEET,2072052775014609263
1446294551556239361,1675956029400440833,Directed,1,MENTION,2072052669191995590
1241784910794424322,381994113,Directed,1,MENTION,2072052419979014274
1241784910794424322,912435151786749952,Directed,1,MENTION,2072052419979014274
1241784910794424322,381994113,Directed,1,RETWEET,2072052419979014274
2041644773958668288,1614209380555137025,Directed,1,MENTION,2072051732004180253
2041644773958668288,1614209380555137025,Directed,1,RETWEET,2072051732004180253
2043887015217741824,2061239303376715778,Directed,1,MENTION,2072051707056357386
2043887015217741824,2061239303376715778,Directed,1,RETWEET,2072051707056357386
1828619658431471617,1911791424225566720,Directed,1,MENTION,2072051367104184321
1828619658431471617,1911791424225566720,Directed,1,RETWEET,2072051367104184321
984614161140408322,1477420828404985858,Directed,1,MENTION,2072050913427005949
984614161140408322,1477420828404985858,Directed,1,RETWEET,2072050913427005949
1554995563757801479,1445083978407493638,Directed,1,MENTION,2072050866324942918
1554995563757801479,1445083978407493638,Directed,1,RETWEET,2072050866324942918
1723160934456131584,1277145407445966848,Directed,1,MENTION,2072050803859243121
1723160934456131584,1277145407445966848,Directed,1,RETWEET,2072050803859243121
1565759834535895043,1587303357160497154,Directed,2,MENTION,2072050538103886200
1565759834535895043,1587303357160497154,Directed,2,RETWEET,2072050538103886200
2054405339269701632,1896778993757827072,Directed,1,MENTION,2072050494525059425
2054405339269701632,1896778993757827072,Directed,1,RETWEET,2072050494525059425
1804728486440865792,2047687983726272512,Directed,1,MENTION,2072050223082344575
1804728486440865792,2047687983726272512,Directed,1,RETWEET,2072050223082344575
1369981583931834371,1833400120005525504,Directed,1,MENTION,2072049997273809026
1369981583931834371,1833400120005525504,Directed,1,RETWEET,2072049997273809026
1589844216208769024,1637089507311796230,Directed,1,MENTION,2072049721129263412
1589844216208769024,1637089507311796230,Directed,1,RETWEET,2072049721129263412
1894614016456101889,1709080095707799552,Directed,1,MENTION,2072049685120839897
1894614016456101889,1709080095707799552,Directed,1,RETWEET,2072049685120839897
984614161140408322,1600574014157557760,Directed,1,MENTION,2072049567785238542
984614161140408322,1600574014157557760,Directed,1,RETWEET,2072049567785238542
1589844216208769024,4839850115,Directed,1,MENTION,2072049563935166673
1589844216208769024,4839850115,Directed,1,RETWEET,2072049563935166673
407137936,1670590436623400960,Directed,1,MENTION,2072049521958539486
407137936,1670590436623400960,Directed,1,RETWEET,2072049521958539486
808348971047514112,1749606325569372160,Directed,1,MENTION,2072049015982637501
808348971047514112,1749606325569372160,Directed,1,RETWEET,2072049015982637501
984614161140408322,1587303357160497154,Directed,1,MENTION,2072049013193310261
984614161140408322,1587303357160497154,Directed,1,RETWEET,2072049013193310261
1650137141458919427,1749606325569372160,Directed,1,MENTION,2072048608371707933
1650137141458919427,1749606325569372160,Directed,1,RETWEET,2072048608371707933
1074407012321107970,1614011823405268992,Directed,1,MENTION,2072048591862952224
1074407012321107970,1614011823405268992,Directed,1,RETWEET,2072048591862952224
2381836561,1425894027463782402,Directed,1,MENTION,2072048466608681389
2381836561,1425894027463782402,Directed,1,RETWEET,2072048466608681389
1459580138723680261,1587303357160497154,Directed,1,MENTION,2072048014425039227
1459580138723680261,1587303357160497154,Directed,1,RETWEET,2072048014425039227
2044144018007658496,1756681134631469056,Directed,2,MENTION,2072047905100456080
2044144018007658496,1756681134631469056,Directed,2,RETWEET,2072047905100456080
2044419263176327168,850052887950610432,Directed,1,MENTION,2072047642612269266
2044419263176327168,850052887950610432,Directed,1,RETWEET,2072047642612269266
2024975197225582594,2033250121949839361,Directed,1,MENTION,2072047597603172602
2024975197225582594,2033250121949839361,Directed,1,RETWEET,2072047597603172602
1932184011712933888,1749606325569372160,Directed,1,MENTION,2072047182014808573
1932184011712933888,1749606325569372160,Directed,1,RETWEET,2072047182014808573
1442454021940285443,1445083978407493638,Directed,1,MENTION,2072046768540238208
1442454021940285443,1445083978407493638,Directed,1,RETWEET,2072046768540238208
1337328815882731520,1829710070260924416,Directed,1,MENTION,2072046673099182301
1337328815882731520,1829710070260924416,Directed,1,RETWEET,2072046673099182301
1252178640877608962,1587303357160497154,Directed,1,MENTION,2072046669408219215
1252178640877608962,1587303357160497154,Directed,1,RETWEET,2072046669408219215
576726960,1587303357160497154,Directed,1,MENTION,2072046498401944043
576726960,1587303357160497154,Directed,1,RETWEET,2072046498401944043
1968808674153086978,1277145407445966848,Directed,1,MENTION,2072046326334775409
1968808674153086978,1277145407445966848,Directed,1,RETWEET,2072046326334775409
1622813193620815872,1470674640242630657,Directed,1,MENTION,2072046061670060088
1673670787646083074,1627446418381197314,Directed,1,MENTION,2072045829234552918
1673670787646083074,1627446418381197314,Directed,1,RETWEET,2072045829234552918
1713918557749129216,1833400120005525504,Directed,1,MENTION,2072045312839950800
1713918557749129216,1833400120005525504,Directed,1,RETWEET,2072045312839950800
1560177829752496128,2011017259641430016,Directed,1,MENTION,2072044352440864846
1560177829752496128,2011017259641430016,Directed,1,RETWEET,2072044352440864846
1809807237009010688,723476452335837184,Directed,1,MENTION,2072043962806808822
1809807237009010688,723476452335837184,Directed,1,RETWEET,2072043962806808822
1687423978271395841,1109586726886891521,Directed,1,MENTION,2072043751925522503
1687423978271395841,1109586726886891521,Directed,1,RETWEET,2072043751925522503
1156847196551208960,1846680912693809153,Directed,1,MENTION,2072043638108877287
1156847196551208960,1846680912693809153,Directed,1,RETWEET,2072043638108877287
2025078717425614852,381994113,Directed,1,MENTION,2072043606786101458
2025078717425614852,912435151786749952,Directed,1,MENTION,2072043606786101458
2025078717425614852,381994113,Directed,1,RETWEET,2072043606786101458
2024693503066836992,1348785591945609219,Directed,1,MENTION,2072043542206091457
2024693503066836992,1348785591945609219,Directed,1,RETWEET,2072043542206091457
1188062728692420609,381994113,Directed,1,MENTION,2072043116329091129
1188062728692420609,912435151786749952,Directed,1,MENTION,2072043116329091129
1188062728692420609,381994113,Directed,1,RETWEET,2072043116329091129
1608205499832455168,1492935611027800065,Directed,1,MENTION,2072042974662328446
1608205499832455168,1492935611027800065,Directed,1,RETWEET,2072042974662328446
1659631206366052352,1995548235705057280,Directed,1,MENTION,2072042932736283071
1659631206366052352,1995548235705057280,Directed,1,RETWEET,2072042932736283071
2045712412607688704,1736585850253889536,Directed,1,MENTION,2072042669379838269
2045712412607688704,1736585850253889536,Directed,1,RETWEET,2072042669379838269
1693810034885500928,1615526930324897794,Directed,2,MENTION,2072042596684480707
1693810034885500928,11759172,Directed,1,MENTION,2072042596684480707
1693810034885500928,1615526930324897794,Directed,2,RETWEET,2072042596684480707
1448854908795490306,1852256990426525696,Directed,1,MENTION,2072042361379586275
1448854908795490306,1852256990426525696,Directed,1,RETWEET,2072042361379586275
913429755860369408,1920538022120198144,Directed,1,MENTION,2072042336616341859
913429755860369408,1920538022120198144,Directed,1,RETWEET,2072042336616341859
1008914594658742273,381994113,Directed,1,MENTION,2072041729893511660
1008914594658742273,912435151786749952,Directed,1,MENTION,2072041729893511660
1008914594658742273,381994113,Directed,1,RETWEET,2072041729893511660
1381286879320928262,2001471949013422083,Directed,1,MENTION,2072041722293469438
1381286879320928262,2001471949013422083,Directed,1,RETWEET,2072041722293469438
1659631206366052352,1669810820149067777,Directed,1,MENTION,2072041689796239588
1659631206366052352,1669810820149067777,Directed,1,RETWEET,2072041689796239588
1148808531350622209,1277145407445966848,Directed,1,MENTION,2072041471008530493
1148808531350622209,1277145407445966848,Directed,1,RETWEET,2072041471008530493
1448854908795490306,1696930287739936780,Directed,1,MENTION,2072041360773804406
1448854908795490306,1696930287739936780,Directed,1,RETWEET,2072041360773804406
1924607326889377793,3772152929,Directed,1,MENTION,2072041143102042323
1448854908795490306,1411342584,Directed,1,MENTION,2072041132503052315
1448854908795490306,1411342584,Directed,1,RETWEET,2072041132503052315
2044902394081771520,2061239303376715778,Directed,1,MENTION,2072041068724421105
2044902394081771520,2061239303376715778,Directed,1,RETWEET,2072041068724421105
1993509374921461760,381994113,Directed,1,MENTION,2072040995730915700
1993509374921461760,912435151786749952,Directed,1,MENTION,2072040995730915700
1993509374921461760,381994113,Directed,1,RETWEET,2072040995730915700
2044902394081771520,1708911882524889088,Directed,1,MENTION,2072040895235375203
2044902394081771520,1708911882524889088,Directed,1,RETWEET,2072040895235375203
2042609457377562624,2001471949013422083,Directed,1,MENTION,2072040884343124271
2042609457377562624,2001471949013422083,Directed,1,RETWEET,2072040884343124271
1713918557749129216,1994982794867740672,Directed,1,MENTION,2072040867104199041
1713918557749129216,1994982794867740672,Directed,1,RETWEET,2072040867104199041
1575938439786135552,1995548235705057280,Directed,1,MENTION,2072040288403554568
1575938439786135552,1995548235705057280,Directed,1,RETWEET,2072040288403554568
1659631206366052352,1614209380555137025,Directed,1,MENTION,2072040268027904443
1659631206366052352,1614209380555137025,Directed,1,RETWEET,2072040268027904443
1145791890337476608,1198457124981919744,Directed,1,MENTION,2072040252152172554
1145791890337476608,1198457124981919744,Directed,1,RETWEET,2072040252152172554
2044902394081771520,1277145407445966848,Directed,1,MENTION,2072040074418504039
2044902394081771520,1277145407445966848,Directed,1,RETWEET,2072040074418504039
1540771502769033216,1277145407445966848,Directed,1,MENTION,2072040067867058371
1540771502769033216,1277145407445966848,Directed,1,RETWEET,2072040067867058371
1659631206366052352,2057230042417991680,Directed,1,MENTION,2072039898207678490
1659631206366052352,2057230042417991680,Directed,1,RETWEET,2072039898207678490
1381286879320928262,1896778993757827072,Directed,1,MENTION,2072039825297875007
1381286879320928262,1896778993757827072,Directed,1,RETWEET,2072039825297875007
1603243638179479554,381994113,Directed,1,MENTION,2072039665582915885
1603243638179479554,912435151786749952,Directed,1,MENTION,2072039665582915885
1603243638179479554,381994113,Directed,1,RETWEET,2072039665582915885
1230404690665324544,381994113,Directed,1,MENTION,2072039387463037196
1230404690665324544,912435151786749952,Directed,1,MENTION,2072039387463037196
1230404690665324544,381994113,Directed,1,RETWEET,2072039387463037196
1659631206366052352,1736585850253889536,Directed,1,MENTION,2072039381335171529
1659631206366052352,1736585850253889536,Directed,1,RETWEET,2072039381335171529
1186053988942258177,381994113,Directed,1,MENTION,2072039211201331675
1186053988942258177,912435151786749952,Directed,1,MENTION,2072039211201331675
1186053988942258177,381994113,Directed,1,RETWEET,2072039211201331675
886109562071339008,1109586726886891521,Directed,1,MENTION,2072039110223528385
886109562071339008,1109586726886891521,Directed,1,RETWEET,2072039110223528385
1528207743491969024,381994113,Directed,1,MENTION,2072038955449508080
1528207743491969024,912435151786749952,Directed,1,MENTION,2072038955449508080
1528207743491969024,381994113,Directed,1,RETWEET,2072038955449508080
2041995150889488385,1880452692834938882,Directed,1,MENTION,2072038938005356751
2041995150889488385,1880452692834938882,Directed,1,RETWEET,2072038938005356751
2044419263176327168,1833400120005525504,Directed,1,MENTION,2072038716986568761
2044419263176327168,1833400120005525504,Directed,1,RETWEET,2072038716986568761
349252051,1724847675118608384,Directed,1,MENTION,2072038422059901434
349252051,1724847675118608384,Directed,1,RETWEET,2072038422059901434
893343047358009344,381994113,Directed,1,MENTION,2072038077384491145
893343047358009344,912435151786749952,Directed,1,MENTION,2072038077384491145
893343047358009344,381994113,Directed,1,RETWEET,2072038077384491145
2069947083646554112,1590318650334085122,Directed,1,MENTION,2072037854591713358
2069947083646554112,1590318650334085122,Directed,1,REPLY,2072037854591713358
1566291467965870080,2001989121993236480,Directed,1,MENTION,2072037593706058203
1566291467965870080,2001989121993236480,Directed,1,RETWEET,2072037593706058203
2008549806382383104,1839022878458580992,Directed,1,MENTION,2072036864685375540
2008549806382383104,1839022878458580992,Directed,1,RETWEET,2072036864685375540
1094336013546078208,381994113,Directed,1,MENTION,2072036067763745158
1094336013546078208,912435151786749952,Directed,1,MENTION,2072036067763745158
1094336013546078208,381994113,Directed,1,RETWEET,2072036067763745158
2003174035472228352,1445083978407493638,Directed,1,MENTION,2072035888192696731
2003174035472228352,1445083978407493638,Directed,1,RETWEET,2072035888192696731
2615565129,1650518800024862720,Directed,1,MENTION,2072035175756710364
2615565129,1650518800024862720,Directed,1,RETWEET,2072035175756710364
1514154877437440000,1615526930324897794,Directed,1,MENTION,2072034834525135057
1514154877437440000,1615526930324897794,Directed,1,RETWEET,2072034834525135057
1527463937360515088,381994113,Directed,1,MENTION,2072034755629945278
1527463937360515088,912435151786749952,Directed,1,MENTION,2072034755629945278
1527463937360515088,381994113,Directed,1,RETWEET,2072034755629945278
1498007505028403210,785327594552123393,Directed,1,MENTION,2072033969474764844
1498007505028403210,66499080,Directed,1,MENTION,2072033969474764844
1498007505028403210,785327594552123393,Directed,1,RETWEET,2072033969474764844
1848803791644291072,381994113,Directed,1,MENTION,2072033634098229683
1848803791644291072,912435151786749952,Directed,1,MENTION,2072033634098229683
1848803791644291072,381994113,Directed,1,RETWEET,2072033634098229683
1776704691696553984,381994113,Directed,1,MENTION,2072033390350446975
1776704691696553984,912435151786749952,Directed,1,MENTION,2072033390350446975
1776704691696553984,381994113,Directed,1,RETWEET,2072033390350446975
1322375296251699200,1600574014157557760,Directed,1,MENTION,2072032990901960842
1322375296251699200,1600574014157557760,Directed,1,RETWEET,2072032990901960842
1868836585095004160,1869188713445814273,Directed,1,MENTION,2072032954746900516
1868836585095004160,1869188713445814273,Directed,1,RETWEET,2072032954746900516
804414421233647616,2006203139763101696,Directed,1,MENTION,2072032789147570659
804414421233647616,2006203139763101696,Directed,1,RETWEET,2072032789147570659
1981975319981789184,1365551396871827456,Directed,1,QUOTE,2072032781534994792
2010798649987743744,1201218642895081481,Directed,1,MENTION,2072032735347036422
2010798649987743744,1201218642895081481,Directed,1,RETWEET,2072032735347036422
1711883133937700865,1865546253146406912,Directed,2,MENTION,2072032655814586432
1711883133937700865,1865546253146406912,Directed,2,RETWEET,2072032655814586432
1866894528268914688,1277145407445966848,Directed,1,MENTION,2072032435156439509
1866894528268914688,1277145407445966848,Directed,1,RETWEET,2072032435156439509
1091772597346410502,1109586726886891521,Directed,1,MENTION,2072032390944362713
1091772597346410502,1109586726886891521,Directed,1,RETWEET,2072032390944362713
1690031268887490560,2061239303376715778,Directed,1,MENTION,2072032322489069598
1690031268887490560,2061239303376715778,Directed,1,RETWEET,2072032322489069598
1690031268887490560,1445083978407493638,Directed,1,MENTION,2072032209477816778
1690031268887490560,1445083978407493638,Directed,1,RETWEET,2072032209477816778
1480002327914459136,1852256990426525696,Directed,1,MENTION,2072031640235221321
1480002327914459136,1852256990426525696,Directed,1,RETWEET,2072031640235221321
2010798649987743744,1756681134631469056,Directed,1,MENTION,2072031202886783165
2010798649987743744,1756681134631469056,Directed,1,RETWEET,2072031202886783165
3376518603,1714954429047414784,Directed,1,MENTION,2072031082199867529
3376518603,1714954429047414784,Directed,1,RETWEET,2072031082199867529
2061866566816317440,1474815703727415299,Directed,1,MENTION,2072030807070228945
2061866566816317440,1474815703727415299,Directed,1,RETWEET,2072030807070228945
2043887015217741824,1916538694779146240,Directed,1,MENTION,2072030772869885971
2043887015217741824,1916538694779146240,Directed,1,RETWEET,2072030772869885971
1683166079970078720,1477872227609628672,Directed,1,MENTION,2072030686329118797
1683166079970078720,1477872227609628672,Directed,1,RETWEET,2072030686329118797
1816196079068540928,381994113,Directed,1,MENTION,2072030654875804004
1816196079068540928,912435151786749952,Directed,1,MENTION,2072030654875804004
1816196079068540928,381994113,Directed,1,RETWEET,2072030654875804004
1806003385474166787,2034301830034030592,Directed,1,MENTION,2072030649867792853
1806003385474166787,1428429255470424064,Directed,1,MENTION,2072030649867792853
1806003385474166787,2034301830034030592,Directed,1,RETWEET,2072030649867792853
2008549806382383104,1458495810916732929,Directed,7,MENTION,2072029947128873073
2008549806382383104,1458495810916732929,Directed,7,RETWEET,2072029947128873073
1518921110804385793,992285573455921155,Directed,1,MENTION,2072029672485843443
1518921110804385793,992285573455921155,Directed,1,RETWEET,2072029672485843443
2055740195853524992,1498974760029589508,Directed,1,MENTION,2072029653393342789
2055740195853524992,1498974760029589508,Directed,1,RETWEET,2072029653393342789
1840059093035180032,1709080095707799552,Directed,1,MENTION,2072029590634066074
1840059093035180032,1709080095707799552,Directed,1,RETWEET,2072029590634066074
1928895084361326592,1458495810916732929,Directed,1,MENTION,2072029571382440082
1928895084361326592,1458495810916732929,Directed,1,RETWEET,2072029571382440082
1840059093035180032,1749606325569372160,Directed,1,MENTION,2072029188496720314
1840059093035180032,1749606325569372160,Directed,1,RETWEET,2072029188496720314
547246012,1492935611027800065,Directed,1,MENTION,2072028896363434157
547246012,1492935611027800065,Directed,1,RETWEET,2072028896363434157
1518921110804385793,381994113,Directed,1,MENTION,2072028817934184748
1518921110804385793,912435151786749952,Directed,1,MENTION,2072028817934184748
1518921110804385793,381994113,Directed,1,RETWEET,2072028817934184748
1518921110804385793,1615526930324897794,Directed,1,MENTION,2072028681447297222
1518921110804385793,1615526930324897794,Directed,1,RETWEET,2072028681447297222
1589844216208769024,1498974760029589508,Directed,1,MENTION,2072028662145413579
1589844216208769024,1498974760029589508,Directed,1,RETWEET,2072028662145413579
2008549806382383104,1396920946821378053,Directed,1,MENTION,2072028491827060763
381994113,912435151786749952,Directed,1,MENTION,2072027739838664824
952013107941044224,1615526930324897794,Directed,1,MENTION,2072027678220124649
952013107941044224,1615526930324897794,Directed,1,RETWEET,2072027678220124649
1253718322476134401,1411342584,Directed,1,MENTION,2072027436431118655
1253718322476134401,1411342584,Directed,1,RETWEET,2072027436431118655
2010798649987743744,1489942048539037698,Directed,2,MENTION,2072027334601756845
2010798649987743744,1489942048539037698,Directed,2,RETWEET,2072027334601756845
1868836585095004160,1622732017203875841,Directed,3,MENTION,2072027217761046620
1868836585095004160,1622732017203875841,Directed,3,RETWEET,2072027217761046620
2044959116955664384,1816196079068540928,Directed,1,MENTION,2072027196734963901
2044959116955664384,1816196079068540928,Directed,1,RETWEET,2072027196734963901
1482021880257138689,1477420828404985858,Directed,1,MENTION,2072026715652501661
1482021880257138689,1477420828404985858,Directed,1,RETWEET,2072026715652501661
1776704691696553984,1714954429047414784,Directed,1,MENTION,2072026608400039969
1776704691696553984,1714954429047414784,Directed,1,RETWEET,2072026608400039969
1458030211677802504,1587303357160497154,Directed,1,MENTION,2072026325070577865
1458030211677802504,1587303357160497154,Directed,1,RETWEET,2072026325070577865
1057038974294859777,2039573685976313856,Directed,1,MENTION,2072026195005182091
1057038974294859777,2039573685976313856,Directed,1,RETWEET,2072026195005182091
1395478890554920962,1975721090572750848,Directed,1,MENTION,2072025806164136391
1395478890554920962,1975721090572750848,Directed,1,RETWEET,2072025806164136391
1937487437967843328,1206939958558306306,Directed,1,MENTION,2072025508561240241
1937487437967843328,1206939958558306306,Directed,1,REPLY,2072025508561240241
1937487437967843328,596570124,Directed,1,MENTION,2072025325291106773
1937487437967843328,596570124,Directed,1,REPLY,2072025325291106773
1657733631756959744,1749606325569372160,Directed,1,MENTION,2072025246777978919
1657733631756959744,1749606325569372160,Directed,1,RETWEET,2072025246777978919
1478292715603435522,1348785591945609219,Directed,1,MENTION,2072025163315483040
1478292715603435522,1348785591945609219,Directed,1,RETWEET,2072025163315483040
1304784933420847104,1425424017322807304,Directed,1,MENTION,2072025087906312254
1304784933420847104,1425424017322807304,Directed,1,RETWEET,2072025087906312254
2037283480900657152,1452408986792300547,Directed,1,MENTION,2072024910059462714
2037283480900657152,1452408986792300547,Directed,1,RETWEET,2072024910059462714
1316424790824099842,1425424017322807304,Directed,1,MENTION,2072024542550135296
1316424790824099842,1425424017322807304,Directed,1,RETWEET,2072024542550135296
2044959116955664384,1615526930324897794,Directed,1,MENTION,2072024495234117633
2044959116955664384,1615526930324897794,Directed,1,RETWEET,2072024495234117633
1589844216208769024,1815823152548831233,Directed,1,MENTION,2072024440779784411
1589844216208769024,1815823152548831233,Directed,1,RETWEET,2072024440779784411
1937487437967843328,587918403,Directed,1,MENTION,2072024406415593667
1937487437967843328,587918403,Directed,1,REPLY,2072024406415593667
1470522220611051521,2023626701180116992,Directed,1,MENTION,2072023792700772757
1470522220611051521,1729058146809765888,Directed,1,MENTION,2072023792700772757
1470522220611051521,2023626701180116992,Directed,1,RETWEET,2072023792700772757
1316424790824099842,1414183721280933892,Directed,1,MENTION,2072023753949643205
1316424790824099842,1414183721280933892,Directed,1,RETWEET,2072023753949643205
1469372858392588291,2036407830308405248,Directed,1,MENTION,2072023729920516560
1469372858392588291,2036407830308405248,Directed,1,RETWEET,2072023729920516560
1316424790824099842,1736272183473639424,Directed,1,MENTION,2072023727827537929
1316424790824099842,1736272183473639424,Directed,1,RETWEET,2072023727827537929
