Id,Label,0,1,2,indegree,outdegree,Degree,weighted indegree,weighted outdegree,Weighted Degree,Weighted Degree_copy[z],splitter_z_value
2006846246536052737,EQBrowser,EQBrowser,EQBrowser,https://pbs.twimg.com/profile_images/2006847155840102401/ZYjM7_3x_normal.png,0,8,8,0,8,8,8,0
2033996731822837771,I_luv_Ice,I_luv_Ice,💣🕸🕷The_Governess🕷🕸💣,https://pbs.twimg.com/profile_images/2084862558171967488/IOlToDhx_normal.jpg,175,337,512,471,2943,3414,3414,3
1999639221565554691,Wasteland_Nomad,Wasteland_Nomad,Wasteland_Nomad,https://pbs.twimg.com/profile_images/2067462581862965248/Hs44nZjn_normal.jpg,4,14,18,11,32,43,43,0
2011674871189946372,Aquil2026,Aquil2026,Aquil2026,https://pbs.twimg.com/profile_images/2079332398865510400/LhTuIaes_normal.jpg,9,7,16,37,22,59,59,0
1519516156133920769,PamHemphill79,PamHemphill79,PamHemphill79,https://pbs.twimg.com/profile_images/1929221044587659264/GrZdpXHR_normal.jpg,71,16,87,456,48,504,504,0
1167910481945858048,DeleteXnow444,DeleteXnow444,DeleteXnow444,https://pbs.twimg.com/profile_images/1979815902423011328/95gCKBnr_normal.jpg,21,12,33,185,15,200,200,0
1518906576152805377,BoqPrecision,BoqPrecision,BoqPrecision,https://pbs.twimg.com/profile_images/2083950428371267586/Srt0nuqV_normal.jpg,2,0,2,2,0,2,2,0
14337584,NC_P8riot,NC_P8riot,NC_P8riot,https://pbs.twimg.com/profile_images/1994186133845020672/cOZnkm2C_normal.jpg,1,0,1,1,0,1,1,0
2013424457180692480,Nikki_Sixx_gir,Nikki_Sixx_gir,Nikki6,https://pbs.twimg.com/profile_images/2013424957036847104/RNxsP3l5_normal.jpg,4,16,20,9,31,40,40,0
3196433835,ethanmwolf,ethanmwolf,Ethan Wolf 🇺🇸,https://pbs.twimg.com/profile_images/1999923586304184322/NNgnq9ID_normal.jpg,1,0,1,1,0,1,1,0
2085025742379778050,UClownDebunker,UClownDebunker,Ultra Clown Debunker™ 🤡,https://pbs.twimg.com/profile_images/2085028264649580544/T_dD62zR_normal.jpg,0,15,15,0,25,25,25,0
1720665183188922368,grok,grok,grok,https://pbs.twimg.com/profile_images/2057885623374290944/lmj0pawP_normal.jpg,2,3,5,3,6,9,9,0
1836813746850672641,Gianl1974,Gianl1974,Gianl1974,https://pbs.twimg.com/profile_images/1836813947749470208/asiIxL-T_normal.jpg,4,0,4,6,0,6,6,0
2018879913131171841,Mandy_Heart3159,Mandy_Heart3159,Mandy_Heart3159,https://pbs.twimg.com/profile_images/2080949464257396736/BoQN5cCT_normal.jpg,18,12,30,158,107,265,265,0
1992461810013020163,SubpoenaEnvy,SubpoenaEnvy,SubpoenaEnvy,https://pbs.twimg.com/profile_images/2040579247572647936/k28cxbP1_normal.jpg,13,0,13,107,0,107,107,0
1990640527998660612,ScubaSteve026,ScubaSteve026,ScubaSteve026,https://pbs.twimg.com/profile_images/2075978423579951104/yDq--EJU_normal.jpg,7,0,7,41,0,41,41,0
1817404157004754945,APMtnTop,APMtnTop,APMtnTop,https://pbs.twimg.com/profile_images/2030427327906058240/O7yWDlc8_normal.jpg,8,0,8,49,0,49,49,0
741350311365726208,TManitowoc,TManitowoc,TManitowoc,https://pbs.twimg.com/profile_images/1702559681992876032/gj4ovGIS_normal.jpg,6,0,6,45,0,45,45,0
1507003817434521601,PlatinumRat1,PlatinumRat1,PlatinumRat1,https://pbs.twimg.com/profile_images/1705451343047966720/siLDUNER_normal.jpg,20,9,29,191,13,204,204,0
1293987879966965765,_DTorstenson,_DTorstenson,_DTorstenson,https://pbs.twimg.com/profile_images/1688558376966340609/4XuKZadH_normal.jpg,7,0,7,31,0,31,31,0
1976309528653377536,TeddyDuChamp82,TeddyDuChamp82,TeddyDuChamp82,https://pbs.twimg.com/profile_images/2049356047035588608/JUSR6PPS_normal.jpg,7,0,7,42,0,42,42,0
1763700107013201920,StalkerWatchers,StalkerWatchers,StalkerWatchers,https://pbs.twimg.com/profile_images/2017074339590365184/5vGMQB4N_normal.jpg,3,0,3,4,0,4,4,0
1516825894479810564,PNWbrooke,PNWbrooke,StoryBrooke,https://pbs.twimg.com/profile_images/2087733932561465344/Osx4zXgw_normal.jpg,11,2,13,35,2,37,37,0
1949994403881484288,libtardsofpdx,libtardsofpdx,libtardsofpdx,https://pbs.twimg.com/profile_images/1951378364192935936/3ImUFeQQ_normal.jpg,4,0,4,6,0,6,6,0
1814320148976955392,Tommy4Trump420,Tommy4Trump420,Tommy4Trump420,https://pbs.twimg.com/profile_images/2023609642295955456/guDz9uAx_normal.jpg,52,0,52,342,0,342,342,0
1683167399682482182,GDaddyzs,GDaddyzs,GDaddyzs,https://pbs.twimg.com/profile_images/2084271973475942400/ERFYMewp_normal.jpg,5,0,5,26,0,26,26,0
2084846391122350080,HaleyReports101,HaleyReports101,HaleyReports101,https://pbs.twimg.com/profile_images/2084904995556933632/jH2hbCiY_normal.jpg,19,3,22,113,4,117,117,0
1983395377111040000,ComeAroundHere,ComeAroundHere,Come Around Here,https://pbs.twimg.com/profile_images/2077001913711960064/XicTFa5E_normal.jpg,0,6,6,0,6,6,6,0
829497835183828992,noellecook_com,noellecook_com,noellecook_com,https://pbs.twimg.com/profile_images/2020583039856943104/UQRYHJuk_normal.jpg,5,0,5,9,0,9,9,0
1614200889522241542,TwitzerlandNet,TwitzerlandNet,TwitzerlandNet,https://pbs.twimg.com/profile_images/2064929784262426624/GT6Wv_Zh_normal.jpg,13,0,13,68,0,68,68,0
1502722158346211331,RheinAmacher,RheinAmacher,RheinAmacher,https://pbs.twimg.com/profile_images/1990601738668396544/Zv1B9ZgN_normal.jpg,6,11,17,7,17,24,24,0
2087632065483448320,chrissimsdildo,chrissimsdildo,sweatyasscrack,https://pbs.twimg.com/profile_images/2087636172805955584/F_odDx-p_normal.jpg,2,7,9,2,7,9,9,0
1979399549451145218,Kbowski_Press,Kbowski_Press,Kbowski_Press,https://pbs.twimg.com/profile_images/2003604666144423939/bsYHAVez_normal.jpg,2,0,2,2,0,2,2,0
1257200500946001924,HaydenSwankX,HaydenSwankX,HaydenSwankX,https://pbs.twimg.com/profile_images/1982987593815076864/bOYWmYYz_normal.jpg,2,0,2,2,0,2,2,0
1348641467674353665,nmewrath,nmewrath,nmewrath,https://pbs.twimg.com/profile_images/1883656279710670848/vNTjpgq9_normal.jpg,3,0,3,4,0,4,4,0
1891580830692352000,Rasner4WY,Rasner4WY,Rasner4WY,https://pbs.twimg.com/profile_images/2086907975982366720/Dv_iXyjq_normal.jpg,1,0,1,2,0,2,2,0
2087666629362462720,FAFO2027,FAFO2027,FAFO,https://abs.twimg.com/sticky/default_profile_images/default_profile_normal.png,0,7,7,0,7,7,7,0
2015134783517667328,THEGUYERSHOW,THEGUYERSHOW,THEGUYERSHOW,https://pbs.twimg.com/profile_images/2079635801403756544/dEV2f3eS_normal.jpg,21,11,32,41,25,66,66,0
1332498719720280070,Kevin04128158,Kevin04128158,Kevin04128158,https://pbs.twimg.com/profile_images/2084097997051133952/WsqW_H7D_normal.jpg,4,0,4,23,0,23,23,0
2013295245731999744,NyFrdmFtr77,NyFrdmFtr77,"#1cuck",https://pbs.twimg.com/profile_images/2086902924479709184/l7rd7trV_normal.jpg,2,7,9,2,7,9,9,0
1669449499176222722,bc1niner6seven,bc1niner6seven,Brian,https://pbs.twimg.com/profile_images/1669449647335817216/59mULkYs_normal.png,2,19,21,4,30,34,34,0
1626117081505857537,AudraAnn82,AudraAnn82,Audra Ann,https://pbs.twimg.com/profile_images/1854309236865654784/LiWYG_nK_normal.jpg,3,5,8,4,5,9,9,0
2077622330159927296,ChainsawHug,ChainsawHug,ChainsawHug,https://pbs.twimg.com/profile_images/2081864315116924928/XngkL7W4_normal.jpg,58,13,71,282,36,318,318,0
1980021942783754240,Patriot_Shane_,Patriot_Shane_,Patriot_Shane_,https://pbs.twimg.com/profile_images/2015557771786387456/N7QIlXDn_normal.jpg,2,0,2,3,0,3,3,0
532876187,DCordell2016,DCordell2016,DCordell2016,https://pbs.twimg.com/profile_images/2059269817224265728/RC6n2Qmw_normal.jpg,3,0,3,14,0,14,14,0
43736644,gmf1369,gmf1369,gmf1369,https://pbs.twimg.com/profile_images/2081067900883046400/JHJopVwK_normal.jpg,2,20,22,23,52,75,75,0
1917302436743766019,LiberalCofeCat,LiberalCofeCat,LiberalCofeCat,https://pbs.twimg.com/profile_images/2085821485864595456/hqWwZh83_normal.jpg,2,0,2,14,0,14,14,0
1308898319150841857,Sinfulskin2,Sinfulskin2,Sinfulskin2,https://pbs.twimg.com/profile_images/1309098303653584896/_S6z9JzF_normal.jpg,1,0,1,6,0,6,6,0
1776317150656950272,IIKnowIDont,IIKnowIDont,IIKnowIDont,https://pbs.twimg.com/profile_images/2053902353930072064/LgyMP8mr_normal.jpg,2,0,2,11,0,11,11,0
406394652,crygood,crygood,crygood,https://pbs.twimg.com/profile_images/2080790130428891136/0aZTMe5P_normal.jpg,2,0,2,7,0,7,7,0
958860239318724614,Wipapa5,Wipapa5,Wipapa5,https://pbs.twimg.com/profile_images/962752245795295234/ryNwg4cu_normal.jpg,2,0,2,9,0,9,9,0
100338893,Dollhouse,Dollhouse,Dollhouse,https://pbs.twimg.com/profile_images/2006522780980756480/wVCN0KKD_normal.jpg,1,0,1,2,0,2,2,0
4209972622,ButterflyMom322,ButterflyMom322,ButterflyMom322,https://pbs.twimg.com/profile_images/2077890026839412736/epkh2gQ6_normal.jpg,1,0,1,3,0,3,3,0
914433525033705473,DollyDemeli,DollyDemeli,DollyDemeli,https://pbs.twimg.com/profile_images/970810816864845825/KjD10qm9_normal.jpg,1,0,1,2,0,2,2,0
1974265958358503424,CJohn49795,CJohn49795,CJohn49795,https://pbs.twimg.com/profile_images/2069067690690453504/qBi2vhUD_normal.jpg,1,0,1,1,0,1,1,0
767490306279370752,Carril1J,Carril1J,Carril1J,https://pbs.twimg.com/profile_images/2057606299127300096/0u3e3iKW_normal.jpg,2,0,2,9,0,9,9,0
921449088872321025,ButtersKatz,ButtersKatz,ButtersKatz,https://pbs.twimg.com/profile_images/2083035971168215040/gdaVi2Wt_normal.jpg,1,0,1,1,0,1,1,0
1921129503386202112,realsonofwolf,realsonofwolf,realsonofwolf,https://pbs.twimg.com/profile_images/2085368977606520832/ftWr1JDm_normal.jpg,1,0,1,2,0,2,2,0
211043781,CamryOnDiaz,CamryOnDiaz,CamryOnDiaz,https://pbs.twimg.com/profile_images/2007972300449009664/_rtu9odz_normal.jpg,2,0,2,9,0,9,9,0
1557139271638781966,DemDeeDee,DemDeeDee,DemDeeDee,https://pbs.twimg.com/profile_images/2083349083670953985/LeRWuh_A_normal.jpg,2,0,2,10,0,10,10,0
820014675542806528,jbm32753,jbm32753,jbm32753,https://pbs.twimg.com/profile_images/1533223892105428993/q6-obAd1_normal.jpg,1,0,1,1,0,1,1,0
1952417682856521728,marybmwm44,marybmwm44,marybmwm44,https://pbs.twimg.com/profile_images/2081461231966433280/_GesZA82_normal.jpg,1,0,1,3,0,3,3,0
375955750,keeshalldaylong,keeshalldaylong,keeshalldaylong,https://pbs.twimg.com/profile_images/2033994489984126980/MZJ3OTUH_normal.jpg,1,0,1,4,0,4,4,0
1300050128254967809,ZACKHAMMER7,ZACKHAMMER7,ZACKHAMMER7,https://pbs.twimg.com/profile_images/2075098874763440128/ytsWVs3P_normal.jpg,1,0,1,1,0,1,1,0
1719474577875636224,Sigmund84540696,Sigmund84540696,Sigmund84540696,https://pbs.twimg.com/profile_images/2066047992902148096/ci79cjDe_normal.jpg,1,0,1,4,0,4,4,0
1085597192155467776,RhymesRadical,RhymesRadical,RhymesRadical,https://pbs.twimg.com/profile_images/2067593618362159104/96d9kSym_normal.jpg,1,0,1,1,0,1,1,0
1273697288611741696,maestramarney,maestramarney,maestramarney,https://pbs.twimg.com/profile_images/2061302255413002240/V9X9nyrz_normal.jpg,2,0,2,14,0,14,14,0
1141346344923213824,LaTigresseblanc,LaTigresseblanc,LaTigresseblanc,https://pbs.twimg.com/profile_images/2081301000711737344/aRGPqj_2_normal.jpg,1,0,1,5,0,5,5,0
1436315730862092322,DogsAreBtr,DogsAreBtr,DogsAreBtr,https://pbs.twimg.com/profile_images/1942677487005159424/Y8xuRTK4_normal.jpg,1,0,1,1,0,1,1,0
59476911,PollyKaneig,PollyKaneig,PollyKaneig,https://pbs.twimg.com/profile_images/2046410318012977152/Fbsh6i0y_normal.jpg,2,0,2,11,0,11,11,0
1543633335552860160,WinterFeminist,WinterFeminist,WinterFeminist,https://pbs.twimg.com/profile_images/2000467936923033600/M7LmRk0o_normal.jpg,1,0,1,1,0,1,1,0
129292127,tourjulian,tourjulian,tourjulian,https://pbs.twimg.com/profile_images/2052394970053537798/rACw9W9c_normal.jpg,1,0,1,3,0,3,3,0
526538689,mysageadvice,mysageadvice,mysageadvice,https://pbs.twimg.com/profile_images/1855402416222457856/v49KkLev_normal.jpg,1,0,1,1,0,1,1,0
1985737585436868608,GAnn_5050,GAnn_5050,GAnn_5050,https://pbs.twimg.com/profile_images/2087660244474425344/ectAWQgd_normal.jpg,1,0,1,1,0,1,1,0
23554832,smc429,smc429,smc429,https://pbs.twimg.com/profile_images/1993426558401544192/Sav01R7m_normal.jpg,1,0,1,1,0,1,1,0
2605907941,miloseh,miloseh,miloseh,https://pbs.twimg.com/profile_images/1963134940171689984/dPHLHfat_normal.jpg,1,0,1,1,0,1,1,0
1643162400,wiredowl,wiredowl,wiredowl,https://pbs.twimg.com/profile_images/1578827045458649090/9rYFvBUo_normal.jpg,1,0,1,1,0,1,1,0
364401480,Bossmoney8444,Bossmoney8444,Bossmoney8444,https://pbs.twimg.com/profile_images/1686171479002456064/BVJLMoOz_normal.jpg,11,2,13,32,2,34,34,0
1962152164803174401,idahopatriot47,idahopatriot47,Idaho Patriot,https://pbs.twimg.com/profile_images/2085418785037840384/JAzBfH3q_normal.jpg,0,19,19,0,39,39,39,0
507663942,ogTinaBoBina,ogTinaBoBina,ogTinaBoBina,https://pbs.twimg.com/profile_images/2065082015255310337/w11aHBJ__normal.jpg,8,0,8,60,0,60,60,0
3255058201,NotTodayCinder,NotTodayCinder,NotTodayCinder,https://pbs.twimg.com/profile_images/2086893416835698688/l0tnpfr3_normal.jpg,6,28,34,33,35,68,68,0
1992108003273928704,charlie500321q2,charlie500321q2,charlie500321q2,https://pbs.twimg.com/profile_images/2036674383037751296/qkKpJL31_normal.jpg,1,0,1,1,0,1,1,0
1450914658597187593,OpnBrdrsAdvct,OpnBrdrsAdvct,OpnBrdrsAdvct,https://pbs.twimg.com/profile_images/1779931034370387968/3yTOttl9_normal.jpg,1,0,1,1,0,1,1,0
1470561659987111938,ConniePelchat,ConniePelchat,ConniePelchat,https://pbs.twimg.com/profile_images/1470561787959562243/sbgqhiMi_normal.jpg,2,0,2,2,0,2,2,0
44950126,Manny_33_33,Manny_33_33,Manny_33_33,https://pbs.twimg.com/profile_images/2079718163730624512/B0zHdcH9_normal.jpg,1,0,1,1,0,1,1,0
2035590490201239552,UnfilteredNRaw,UnfilteredNRaw,UnfilteredNRaw,https://pbs.twimg.com/profile_images/2081903642429530112/3IvpvphR_normal.png,2,0,2,2,0,2,2,0
1989097083920367616,DougHarris420,DougHarris420,HereticHippy,https://pbs.twimg.com/profile_images/1989097823753711616/O2wJN-J8_normal.jpg,12,11,23,71,181,252,252,0
1570934430549565440,Mattie_1979,Mattie_1979,1776_Patriot,https://pbs.twimg.com/profile_images/1854065697636466690/7dKH0ygU_normal.jpg,9,11,20,71,69,140,140,0
1975905404258525185,sandrafortrump2,sandrafortrump2,Sandra For Trump,https://pbs.twimg.com/profile_images/2003909111118024705/h9oa_TNj_normal.jpg,28,5,33,178,5,183,183,0
1823461907627655168,fastrak05150,fastrak05150,Streetkiller,https://pbs.twimg.com/profile_images/1823462099164782593/SeS0l_1-_normal.png,3,7,10,41,82,123,123,0
1987029677622632449,ELGonzo4678,ELGonzo4678,ELGonzo4678,https://pbs.twimg.com/profile_images/2010433864951541760/j5ly5C6A_normal.jpg,6,7,13,19,24,43,43,0
38081601,MoniePJ,MoniePJ,MoniePJ,https://pbs.twimg.com/profile_images/2075571242610855937/2XZ5lCK7_normal.jpg,1,0,1,1,0,1,1,0
1526603388,JLHerms,JLHerms,JLHerms,https://pbs.twimg.com/profile_images/2007907007026888704/3zHXuT7U_normal.jpg,2,1,3,3,1,4,4,0
1321214627125071873,IamURHuckleber1,IamURHuckleber1,I'm Your Huckleberry,https://pbs.twimg.com/profile_images/1359674949779288065/pF6z7BnT_normal.jpg,0,18,18,0,39,39,39,0
2042650454883020800,grizzledgrunt2k,grizzledgrunt2k,OldGrunt,https://pbs.twimg.com/profile_images/2042650540304113664/-gAJXkOG_normal.jpg,1,3,4,1,3,4,4,0
55060090,realTuckFrumper,realTuckFrumper,realTuckFrumper,https://pbs.twimg.com/profile_images/1907231329852481536/7YRACQnv_normal.jpg,2,0,2,13,0,13,13,0
838083737862615040,kurlyshark,kurlyshark,kurlyshark,https://pbs.twimg.com/profile_images/2074640623882358784/m6SomGM6_normal.jpg,4,0,4,16,0,16,16,0
41400048,Honeybadgermom,Honeybadgermom,Honeybadgermom,https://pbs.twimg.com/profile_images/1987590686699642882/_Q71n3DI_normal.jpg,3,0,3,12,0,12,12,0
981280634709598208,thejessie07,thejessie07,Jessie Axtell,https://pbs.twimg.com/profile_images/2083927268020363264/hvKeRtvj_normal.jpg,4,0,4,6,0,6,6,0
1993037476219551744,Dear_Patriot,Dear_Patriot,Dear_Patriot,https://pbs.twimg.com/profile_images/2086937369442443264/jt32UhG4_normal.jpg,2,0,2,39,0,39,39,0
4505795352,DivintyMary,DivintyMary,DivintyMary,https://pbs.twimg.com/profile_images/1975480452288028672/4Hmmg-p6_normal.jpg,1,0,1,18,0,18,18,0
2327592480,FordFischer,FordFischer,FordFischer,https://pbs.twimg.com/profile_images/1303390039683084293/ywJM_sBw_normal.jpg,2,0,2,4,0,4,4,0
423321516,SamSweetness,SamSweetness,Sweetness,https://pbs.twimg.com/profile_images/2626713554/kyw0dc66wdka93jrwbj4_normal.jpeg,2,3,5,2,3,5,5,0
1879644163769335808,WhiteHouse,WhiteHouse,WhiteHouse,https://pbs.twimg.com/profile_images/2062605835256127489/atNMwHxg_normal.jpg,7,0,7,12,0,12,12,0
25073877,realDonaldTrump,realDonaldTrump,realDonaldTrump,https://pbs.twimg.com/profile_images/874276197357596672/kUuht00m_normal.jpg,6,0,6,10,0,10,10,0
1817392688691654656,Zernzygirl76,Zernzygirl76,Zernzygirl76🇺🇸,https://pbs.twimg.com/profile_images/2079970979187458048/ALAO_--a_normal.jpg,14,5,19,14,10,24,24,0
1695549003696594944,R3p_Solutions,R3p_Solutions,Pookie gots receipts... ⚖️,https://pbs.twimg.com/profile_images/1940614152151511040/44cWvNgs_normal.jpg,0,3,3,0,3,3,3,0
1530352017230659584,FrankIKuntz,FrankIKuntz,Frank Kuntz,https://pbs.twimg.com/profile_images/2018218186332585984/3aj0KT6K_normal.jpg,0,14,14,0,17,17,17,0
1703502978551001088,MaureenOgr19257,MaureenOgr19257,Pilgrim Patriot🔔🇺🇸,https://pbs.twimg.com/profile_images/2020384788398632968/KmGfDGOW_normal.jpg,0,5,5,0,5,5,5,0
1984887952296853526,doom_pilled,doom_pilled,Doom pilled,https://pbs.twimg.com/profile_images/1990486722573119488/W4R4PtFm_normal.jpg,2,4,6,2,4,6,6,0
2050941142678581248,EveryBodyH8zLee,EveryBodyH8zLee,EveryBodyH8zLee,https://pbs.twimg.com/profile_images/2085234858599587840/zpMBvrZw_normal.jpg,1,4,5,2,5,7,7,0
2074603280454316032,LibCockClapper,LibCockClapper,Leftist Cock Clapper ™,https://pbs.twimg.com/profile_images/2074617645773561856/aCW8ObYr_normal.jpg,0,11,11,0,11,11,11,0
1539004212964638722,mikecla80311218,mikecla80311218,mikecla80311218,https://pbs.twimg.com/profile_images/1630132471269294082/vEYKCqQY_normal.jpg,3,0,3,3,0,3,3,0
14604442,PortlandPolice,PortlandPolice,PortlandPolice,https://pbs.twimg.com/profile_images/2041641953792790528/tep-wCB7_normal.jpg,3,0,3,5,0,5,5,0
351900962,FBIPortland,FBIPortland,FBIPortland,https://pbs.twimg.com/profile_images/1957519990912856073/xyKjCOhE_normal.jpg,2,0,2,2,0,2,2,0
2835931010,TinaKotek,TinaKotek,TinaKotek,https://pbs.twimg.com/profile_images/2084645228032794624/xiamRA9j_normal.jpg,2,0,2,2,0,2,2,0
8859092,PressHerald,PressHerald,PressHerald,https://pbs.twimg.com/profile_images/1375291102123675653/hB3J09qZ_normal.jpg,2,0,2,2,0,2,2,0
579166910,PortlandNewsNet,PortlandNewsNet,PortlandNewsNet,https://pbs.twimg.com/profile_images/2819613858/bf94aa4602d03c222494453d6530fc5a_normal.jpeg,2,0,2,2,0,2,2,0
27933405,TizzyEnt,TizzyEnt,TizzyEnt,https://pbs.twimg.com/profile_images/2023309379420688384/5xIeCvTu_normal.jpg,2,0,2,2,0,2,2,0
2009212955729248256,fred_sheri12695,fred_sheri12695,fred_sheri12695,https://pbs.twimg.com/profile_images/2018281710451146753/scEbks0q_normal.jpg,2,2,4,6,4,10,10,0
1975443379229282304,sterling_martin,sterling_martin,sterling_martin,https://pbs.twimg.com/profile_images/2017480353544577024/fapIlmtc_normal.jpg,1,4,5,1,4,5,5,0
1867056479125053441,Skylor570310,Skylor570310,Skylor the patriot,https://pbs.twimg.com/profile_images/2033277459098148864/1bI1RXki_normal.jpg,2,3,5,2,3,5,5,0
1807142015567863808,BrandtRayc50748,BrandtRayc50748,ODIE,https://pbs.twimg.com/profile_images/2024886556780048384/Xs9r83hS_normal.jpg,0,17,17,0,19,19,19,0
1347713648567808002,MeanLILMeoW,MeanLILMeoW,MəanL¡LMə♡₩,https://pbs.twimg.com/profile_images/1956862832353656832/2rtMF15q_normal.jpg,4,0,4,13,0,13,13,0
1605055287492313088,ClownDebunker,ClownDebunker,Clown Debunker™ 🤡,https://pbs.twimg.com/profile_images/1955090551205699584/z6-_7TC2_normal.jpg,2,15,17,2,32,34,34,0
1957658737679704067,freejamesfields,freejamesfields,freejamesfields,https://pbs.twimg.com/profile_images/2004207272663154688/lAIsdNYp_normal.jpg,2,9,11,18,9,27,27,0
1124141000203444225,BrutalBrittany2,BrutalBrittany2,BrutalBrittany2,https://pbs.twimg.com/profile_images/1899523542976282624/D6LhXK46_normal.jpg,1,0,1,2,0,2,2,0
1924955821584351236,TheAmericanRise,TheAmericanRise,TheAmericanRise,https://pbs.twimg.com/profile_images/2008980625282191360/RIXL9E_L_normal.jpg,1,0,1,2,0,2,2,0
1541226811622707200,Claudio_PNW,Claudio_PNW,Melissa “Claudio” Lewis,https://pbs.twimg.com/profile_images/2087629347192717312/JlWKe0C6_normal.jpg,6,9,15,19,48,67,67,0
912232086211371008,Laurieluvsmolly,Laurieluvsmolly,🪴Laurie,https://pbs.twimg.com/profile_images/2058976650549727233/HCR8M1bo_normal.jpg,3,5,8,10,5,15,15,0
1810693538247745536,KimKatieUSA,KimKatieUSA,KimKatieUSA,https://pbs.twimg.com/profile_images/2046682434587258880/TE19_wk1_normal.jpg,2,0,2,3,0,3,3,0
1221462414744596483,RpsAgainstTrump,RpsAgainstTrump,RpsAgainstTrump,https://pbs.twimg.com/profile_images/1552023520347099136/tIGoFfQt_normal.jpg,2,0,2,2,0,2,2,0
288277167,atrupar,atrupar,atrupar,https://pbs.twimg.com/profile_images/1335565046290804738/eGXNmTvg_normal.jpg,2,0,2,3,0,3,3,0
2064198357036531712,niggersandjew,niggersandjew,Rodney Cliff,https://pbs.twimg.com/profile_images/2064198970428289024/9krf5oHi_normal.jpg,5,7,12,7,7,14,14,0
2016956143185076224,RNolastnam31357,RNolastnam31357,RickyNolastname,https://pbs.twimg.com/profile_images/2016956481606713344/sVSv5rEP_normal.jpg,0,7,7,0,7,7,7,0
2459255869,UScitizen123456,UScitizen123456,American citizen,https://pbs.twimg.com/profile_images/2007463714752983044/4mE2rQEu_normal.jpg,3,8,11,15,28,43,43,0
1937151400032849920,JamzThe39603,JamzThe39603,TheRealJamz,https://pbs.twimg.com/profile_images/1937151547307147264/UKh-OQpY_normal.jpg,0,6,6,0,6,6,6,0
2073032404017594369,Nola65980,Nola65980,Nolan,https://pbs.twimg.com/profile_images/2078995928615133184/1G6G64M2_normal.jpg,2,5,7,2,6,8,8,0
2005763993122615297,RedFlanlRepblcn,RedFlanlRepblcn,RedFlanlRepblcn,https://pbs.twimg.com/profile_images/2005778705428209664/0z3tl3-l_normal.jpg,3,0,3,4,0,4,4,0
1974402996516823040,RightSideR3bel,RightSideR3bel,RightSideR3bel,https://pbs.twimg.com/profile_images/2042738037546000384/WYkxa1f1_normal.jpg,7,0,7,41,0,41,41,0
1204427322578755585,ShawnVanommen,ShawnVanommen,CaliforniaSunshine🇺🇲,https://pbs.twimg.com/profile_images/2045884112658202624/RGnsLI5q_normal.jpg,0,6,6,0,6,6,6,0
1806086763263537152,donkeith434,donkeith434,donkeith434,https://pbs.twimg.com/profile_images/2067633728323723264/NvKj4qSw_normal.jpg,2,0,2,5,0,5,5,0
1569841270419488768,Rajdatt33264184,Rajdatt33264184,Rajdatt33264184,https://pbs.twimg.com/profile_images/1729707638827429888/_Bx1IWP4_normal.jpg,1,0,1,4,0,4,4,0
1297235946753204224,DebbieDem3,DebbieDem3,DebbieDem3,https://pbs.twimg.com/profile_images/1855653009151217664/Gs76b2IK_normal.jpg,2,0,2,7,0,7,7,0
1957683882892853253,4yp6vspmjn,4yp6vspmjn,4yp6vspmjn,https://pbs.twimg.com/profile_images/1967584602211393536/sNbYBoXR_normal.jpg,3,9,12,20,38,58,58,0
2078606996706582528,TheOnlyEsta2,TheOnlyEsta2,Esta,https://pbs.twimg.com/profile_images/2087204035740815360/Eo3uQvCE_normal.jpg,2,3,5,8,3,11,11,0
1358568285873274880,jensdad4biden,jensdad4biden,jensdad4biden,https://pbs.twimg.com/profile_images/2071716054716268544/rPFBCHiL_normal.jpg,1,0,1,4,0,4,4,0
2053940091517571075,MopedG75710,MopedG75710,MopedG75710,https://pbs.twimg.com/profile_images/2077193654645518336/_6OBjrXH_normal.jpg,1,0,1,2,0,2,2,0
1474420723909369859,VictorVarner9,VictorVarner9,VictorVarner9,https://pbs.twimg.com/profile_images/2061782667771715584/paJ_F7On_normal.jpg,1,0,1,3,0,3,3,0
939584295890333698,8spider22,8spider22,8spider22,https://pbs.twimg.com/profile_images/1872144629786636288/Tvv6o2C7_normal.jpg,2,0,2,9,0,9,9,0
1789081968673447936,Bprice33,Bprice33,Bprice33,https://pbs.twimg.com/profile_images/1831487107598069760/REI98t-P_normal.jpg,2,0,2,6,0,6,6,0
1971812038013079553,BrCaliNaty,BrCaliNaty,BrCaliNaty,https://pbs.twimg.com/profile_images/2076677721288241153/brNNtfnC_normal.jpg,1,0,1,2,0,2,2,0
1635163595129626629,TressaBevington,TressaBevington,DisTressa,https://pbs.twimg.com/profile_images/1994201404999913472/7LKt4sGI_normal.jpg,2,6,8,6,6,12,12,0
1726516347298041856,ogr26926,ogr26926,MK in Oregon ☔️☔️,https://pbs.twimg.com/profile_images/2002402399827443713/pIdvNiNW_normal.jpg,2,6,8,2,6,8,8,0
2041143073225179136,CHUDS1998,CHUDS1998,room4u2,https://pbs.twimg.com/profile_images/2046371901040365568/0nrqZjt6_normal.jpg,2,12,14,18,69,87,87,0
342838955,hawks_on_top,hawks_on_top,Je suis random dude on X,https://pbs.twimg.com/profile_images/1854217583010119680/vFlPH1ap_normal.jpg,0,6,6,0,6,6,6,0
2085380329674625024,MrFukYoBitchnia,MrFukYoBitchnia,MrFukYoBitch,https://pbs.twimg.com/profile_images/2085381209324965888/CNNjl8fx_normal.jpg,0,6,6,0,6,6,6,0
1980046441289785344,Dan641964,Dan641964,Dan,https://pbs.twimg.com/profile_images/2077146059730558977/jn-C2bKF_normal.jpg,3,5,8,16,10,26,26,0
1390193435257171973,nicooregon,nicooregon,nicooregon,https://pbs.twimg.com/profile_images/2081769636136390656/3bjNHtCN_normal.jpg,9,0,9,81,0,81,81,0
2035907749729689600,groundzeropdx,groundzeropdx,groundzeropdx,https://abs.twimg.com/sticky/default_profile_images/default_profile_normal.png,7,0,7,77,0,77,77,0
1551419143693426688,SammyIbarr,SammyIbarr,SammyIbarr,https://pbs.twimg.com/profile_images/2009078315882082305/EbBDCjpw_normal.jpg,8,0,8,84,0,84,84,0
2074691811478773760,MegaCuckAwarder,MegaCuckAwarder,The Mega Cuck Awarder™ 🏆,https://pbs.twimg.com/profile_images/2074712724131512320/lSMGJPW6_normal.jpg,0,8,8,0,12,12,12,0
1985933434645299200,JohnSmithgnbj,JohnSmithgnbj,John Smith,https://abs.twimg.com/sticky/default_profile_images/default_profile_normal.png,0,6,6,0,6,6,6,0
1987523986155241472,AlastairSi19102,AlastairSi19102,Medical Bison,https://pbs.twimg.com/profile_images/1987524535227428864/nXs1O4ZE_normal.jpg,0,9,9,0,9,9,9,0
954224274,NatalyaOba,NatalyaOba,NatalyaOba,https://pbs.twimg.com/profile_images/2085066884035317760/z-9bvBNN_normal.jpg,2,0,2,2,0,2,2,0
73715202,dirty_d408,dirty_d408,Dirty D,https://pbs.twimg.com/profile_images/1408547916592017411/3nZo9C9V_normal.jpg,0,5,5,0,5,5,5,0
42773469,JasonRCharter,JasonRCharter,JasonRCharter,https://pbs.twimg.com/profile_images/1773516065831579648/BUJP9bK1_normal.jpg,2,0,2,2,0,2,2,0
1468058967712489472,anarchoboognish,anarchoboognish,anarchoboognish,https://pbs.twimg.com/profile_images/1840405452347359232/FAmaacck_normal.jpg,3,0,3,5,0,5,5,0
236951220,Carene40,Carene40,C,https://pbs.twimg.com/profile_images/1979688617074180096/H-TZ3anu_normal.jpg,0,5,5,0,5,5,5,0
1255848259400105991,RowanAstra,RowanAstra,RowanAstra,https://pbs.twimg.com/profile_images/2087552484063739905/4QaDII71_normal.jpg,3,0,3,5,0,5,5,0
1605776431165964289,SenBenRichards,SenBenRichards,Ben Richards,https://pbs.twimg.com/profile_images/1605777035489693697/Th7jhU4__normal.jpg,0,3,3,0,4,4,4,0
3944152456,CubbiesFan82,CubbiesFan82,CubbiesFan82,https://pbs.twimg.com/profile_images/2055462698943418368/4IAL1It1_normal.jpg,3,0,3,5,0,5,5,0
754859551,Stabbbin,Stabbbin,Stabbbin,https://pbs.twimg.com/profile_images/2078911633250717696/5fYAZNCn_normal.jpg,1,0,1,1,0,1,1,0
1987181464056963074,ItsMeDi_2,ItsMeDi_2,ItsMeDi_2,https://pbs.twimg.com/profile_images/2084304018130472960/5ABQllha_normal.jpg,3,2,5,12,2,14,14,0
526850020,bethanybelton,bethanybelton,bethanybelton,https://pbs.twimg.com/profile_images/2063228077602177024/_Vp_A0Rw_normal.jpg,2,0,2,2,0,2,2,0
1340408944758583297,wins_rick,wins_rick,wins_rick,https://pbs.twimg.com/profile_images/2040781331978936320/jAeFbE1N_normal.jpg,2,0,2,2,0,2,2,0
1332142523712671747,DomFreePress,DomFreePress,DomFreePress,https://pbs.twimg.com/profile_images/2082081877905592321/Mhri2cCE_normal.jpg,4,9,13,19,27,46,46,0
1696994328281825280,SatireAP,SatireAP,SatireAP,https://pbs.twimg.com/profile_images/2038411530400825344/1raPstCn_normal.jpg,3,0,3,17,0,17,17,0
1305502276413468673,ChronoScopeFilm,ChronoScopeFilm,ChronoScopeFilm,https://pbs.twimg.com/profile_images/1985063658049716224/mUBciZNi_normal.jpg,3,0,3,17,0,17,17,0
49826627,PatriciaEguino,PatriciaEguino,PatriciaEguino,https://pbs.twimg.com/profile_images/1819836186887593984/a9VZR9n3_normal.jpg,3,0,3,17,0,17,17,0
2816039779,GoadGatsby,GoadGatsby,GoadGatsby,https://pbs.twimg.com/profile_images/1184664726908878850/WMdx-Q_9_normal.jpg,3,0,3,17,0,17,17,0
1344011503838654467,noturtlesoup17,noturtlesoup17,noturtlesoup17,https://pbs.twimg.com/profile_images/1995241724789108736/LGCvGA_K_normal.jpg,3,0,3,9,0,9,9,0
2031384284083429376,acerveminaj,acerveminaj,Acervo Minaj,https://pbs.twimg.com/profile_images/2031385305647857664/l0SdrKyq_normal.jpg,0,4,4,0,4,4,4,0
2023167461172879360,teamsonzabr,teamsonzabr,Team Sonza Brasil,https://pbs.twimg.com/profile_images/2059728624236761088/ebNR-z3G_normal.jpg,1,0,1,1,0,1,1,0
1165828940,suzamaroo,suzamaroo,suzamaroo,https://pbs.twimg.com/profile_images/1977081852629241856/dee8NVld_normal.jpg,3,0,3,14,0,14,14,0
1974185624757272576,CuckAwarder,CuckAwarder,The Cuck Awarder ™,https://pbs.twimg.com/profile_images/1974203283196518400/3QWga_Py_normal.jpg,0,4,4,0,5,5,5,0
2085044186919628801,Clown_Debunker,Clown_Debunker,Clown Debunker™ 🤡,https://pbs.twimg.com/profile_images/2085046027413835778/tW_AnSdU_normal.jpg,4,3,7,18,9,27,27,0
2780039384,g_abe2,g_abe2,g_abe2,https://pbs.twimg.com/profile_images/2001824928102809600/soArYGb8_normal.jpg,5,0,5,19,0,19,19,0
1586561404512964611,DoctorGoooo,DoctorGoooo,Yoojeen Goo,https://pbs.twimg.com/profile_images/1587144006647128065/wDp_iCCM_normal.jpg,0,7,7,0,15,15,15,0
1993053546284302338,mrscantelo,mrscantelo,mrscantelo,https://pbs.twimg.com/profile_images/2071381171205001216/_YeTepk4_normal.jpg,2,0,2,8,0,8,8,0
221081861,KlymatixTV,KlymatixTV,KlymatixTV,https://pbs.twimg.com/profile_images/2087177077573533696/FNviurei_normal.jpg,3,0,3,18,0,18,18,0
19021631,phildudebro,phildudebro,Phil (Dude/Bro),https://pbs.twimg.com/profile_images/1982998347016495104/6174PcdC_normal.jpg,0,5,5,0,5,5,5,0
2084785153709076480,SClownDebunker,SClownDebunker,Super Clown Debunker™ 🤡,https://pbs.twimg.com/profile_images/2084786923285921792/-Ddgh6Fs_normal.jpg,0,4,4,0,4,4,4,0
1585516470045675520,Im_NonBidenary,Im_NonBidenary,Im_NonBidenary,https://pbs.twimg.com/profile_images/2079681844015226880/KPM5lFrR_normal.jpg,2,0,2,2,0,2,2,0
1240795464095727616,GatlinburgLocal,GatlinburgLocal,Gatlinburg Local,https://pbs.twimg.com/profile_images/1602695702781493249/fcaAnTuh_normal.jpg,10,5,15,13,5,18,18,0
39696146,Dargonza,Dargonza,Darlene 🇺🇸,https://pbs.twimg.com/profile_images/2040778701575725056/UIFcQHBP_normal.jpg,0,6,6,0,6,6,6,0
1691107709301706753,shun_dr1313,shun_dr1313,Dr_O'Shun,https://pbs.twimg.com/profile_images/1735495043241443328/XRLX1UZp_normal.jpg,0,3,3,0,5,5,5,0
1577872486905020416,RockinRon63,RockinRon63,RockinRon63,https://pbs.twimg.com/profile_images/1607515597436329984/dVef4fDZ_normal.jpg,1,0,1,2,0,2,2,0
1580693021229719558,EastEndJoe,EastEndJoe,EastEndJoe,https://pbs.twimg.com/profile_images/1981641079939059712/UKx601R9_normal.jpg,1,0,1,1,0,1,1,0
1624146671692091398,artofmix89,artofmix89,artofmix89,https://pbs.twimg.com/profile_images/1930617959157796865/cp7hjdzk_normal.jpg,1,0,1,1,0,1,1,0
1832442911423664128,HMagrowin20415,HMagrowin20415,Tn Patriot 🇺🇸,https://pbs.twimg.com/profile_images/1995029613601591297/wM7oqoW6_normal.jpg,0,3,3,0,3,3,3,0
1993878908475985925,FreyaIsGreat82,FreyaIsGreat82,FreyaIsGreat82,https://pbs.twimg.com/profile_images/2084851846792044544/BBL2HoB5_normal.jpg,1,0,1,1,0,1,1,0
23561980,kendricklamar,kendricklamar,kendricklamar,https://pbs.twimg.com/profile_images/1103764272654442496/wcNdeqop_normal.jpg,2,0,2,4,0,4,4,0
2014171304430272512,Jackievia1999,Jackievia1999,Jackievia,https://pbs.twimg.com/profile_images/2018706828855771136/a8UK2VPK_normal.jpg,2,9,11,2,9,11,11,0
7302282,YahooSports,YahooSports,YahooSports,https://pbs.twimg.com/profile_images/1700172399973421056/_xxxJmXc_normal.jpg,1,0,1,1,0,1,1,0
1138289224061399040,undericiu,undericiu,remus (they/them),https://pbs.twimg.com/profile_images/2084436803608887298/rctSM0D7_normal.jpg,2,7,9,2,17,19,19,0
619575326,shelly16e,shelly16e,Shells,https://pbs.twimg.com/profile_images/2084356304731000832/n_9imlBe_normal.jpg,0,6,6,0,6,6,6,0
1624272440464445440,HackettstownHo,HackettstownHo,JoJoFromJizz,https://pbs.twimg.com/profile_images/1972700281033883648/Qfvy89e0_normal.jpg,4,10,14,25,66,91,91,0
1402701433237954562,oregonred3,oregonred3,oregonred,https://pbs.twimg.com/profile_images/1970659095960334336/VIOmrwE8_normal.jpg,0,6,6,0,6,6,6,0
2073206553180536832,SooperChad,SooperChad,Generic Eric,https://pbs.twimg.com/profile_images/2073208791999586304/0O_BxCA2_normal.jpg,4,4,8,9,12,21,21,0
195447057,dinkin_flickaa,dinkin_flickaa,dinkin_flickaa,https://pbs.twimg.com/profile_images/1679872386634481671/CTmTaIi5_normal.jpg,4,0,4,11,0,11,11,0
4631671,johndevor,johndevor,johndevor,https://pbs.twimg.com/profile_images/2062662899131203584/aIGPblh__normal.jpg,3,0,3,10,0,10,10,0
1852783239834034176,PatSnowe85449,PatSnowe85449,Pat Snowe,https://abs.twimg.com/sticky/default_profile_images/default_profile_normal.png,0,5,5,0,5,5,5,0
1863326742066180096,NobleOne,NobleOne,NobleOne,https://pbs.twimg.com/profile_images/2082585941252734977/8czyHQM3_normal.jpg,5,0,5,30,0,30,30,0
1255229204997836801,ImFiredUp2,ImFiredUp2,ImFiredUp2,https://pbs.twimg.com/profile_images/1485107997256912897/9HS6tQMe_normal.jpg,10,3,13,28,9,37,37,0
1943407570699612160,GUARDATOfficial,GUARDATOfficial,GUARDATOfficial,https://pbs.twimg.com/profile_images/1943701887296983041/SnWRCMjs_normal.jpg,1,0,1,1,0,1,1,0
1304010303277989888,DannyRebel333,DannyRebel333,DannyRebel333,https://pbs.twimg.com/profile_images/2027391277915115521/ytbs-6TQ_normal.jpg,4,0,4,8,0,8,8,0
1968448789750161408,HaleyReports,HaleyReports,HaleyReports,,2,0,2,2,0,2,2,0
345582896,conspiretard,conspiretard,conspiretard,,1,0,1,3,0,3,3,0
1960411399013945344,TheRealVellyRay,TheRealVellyRay,TheRealVellyRay,https://pbs.twimg.com/profile_images/1960412294317531136/8v1NcrEG_normal.jpg,3,0,3,4,0,4,4,0
2084330049608548352,MClownDebunker,MClownDebunker,Mega Clown Debunker™ 🤡,https://pbs.twimg.com/profile_images/2084331619846893568/-rTfQVsL_normal.jpg,2,6,8,12,9,21,21,0
2079211657562083328,jasminemarrwwg,jasminemarrwwg,jasmine mary,https://pbs.twimg.com/profile_images/2079212341795692544/MX2oScH7_normal.jpg,0,11,11,0,11,11,11,0
95731075,Safety,Safety,Safety,https://pbs.twimg.com/profile_images/1683507906891718658/ZS9jJfar_normal.jpg,2,0,2,2,0,2,2,0
44196397,elonmusk,elonmusk,elonmusk,https://pbs.twimg.com/profile_images/2053244804520427520/m8mdWZCG_normal.jpg,2,0,2,3,0,3,3,0
2025679746999435264,realjohnny0070,realjohnny0070,𝕆𝔽𝔽𝕀ℂ𝕀𝔸𝕃. 𝕁𝕆ℍℕℕ𝕐. 𝔻𝔼ℙℙ.☯🕷️🖤II,https://pbs.twimg.com/profile_images/2082268118462652416/49L_T6Ty_normal.jpg,0,5,5,0,5,5,5,0
1813283817375080451,nicoswarrant,nicoswarrant,Tommy's Exposed Ass Crack,https://pbs.twimg.com/profile_images/1946653147444768769/M3DS95cI_normal.jpg,4,0,4,4,0,4,4,0
1540583412582567936,Liberty_Xtreme,Liberty_Xtreme,Liberty_Xtreme,https://pbs.twimg.com/profile_images/2057754478422458369/Df0HKztQ_normal.jpg,2,0,2,2,0,2,2,0
1432014119931162629,Sassafrass_84,Sassafrass_84,Sassafrass_84,https://pbs.twimg.com/profile_images/2007867686848475136/pe2K9hqR_normal.jpg,2,0,2,2,0,2,2,0
2077378087071678464,Sassafrass_43,Sassafrass_43,Sassafrass_43,https://pbs.twimg.com/profile_images/2077393511423291392/1mPIgk70_normal.jpg,1,0,1,1,0,1,1,0
1484742508559089665,LucyLoo_1837,LucyLoo_1837,Lucy Loo 🤪,https://pbs.twimg.com/profile_images/1484743670498738183/nk07YTMS_normal.jpg,0,6,6,0,6,6,6,0
159669793,bourbonislife80,bourbonislife80,bourbonislife80,https://pbs.twimg.com/profile_images/2078999219994562560/5wA9pkgj_normal.jpg,2,0,2,2,0,2,2,0
1515781648310161409,kevinvdahlgren,kevinvdahlgren,kevinvdahlgren,https://pbs.twimg.com/profile_images/2009501776165355520/d36zxQYT_normal.jpg,2,0,2,6,0,6,6,0
2342516474,DiscoveryInst1,DiscoveryInst1,DiscoveryInst1,https://pbs.twimg.com/profile_images/1880304999957499904/5CLBiL0z_normal.jpg,1,0,1,1,0,1,1,0
898314921535918080,CoryCullington,CoryCullington,CoryCullington,https://pbs.twimg.com/profile_images/1138929794748338176/BC9HMmbs_normal.jpg,2,0,2,2,0,2,2,0
17689128,sinsire,sinsire,sinsire,,1,0,1,2,0,2,2,0
2021826762032779265,kevin1fool,kevin1fool,Kevin Allan,https://pbs.twimg.com/profile_images/2083367202816761856/tyJ6_4fe_normal.jpg,0,3,3,0,3,3,3,0
253648822,tlcraider69,tlcraider69,tlcraider69,https://pbs.twimg.com/profile_images/1371655364/9kxjdMby_normal,1,0,1,1,0,1,1,0
1747661115415552000,SpartanRob75,SpartanRob75,SpartanRob75,https://pbs.twimg.com/profile_images/2064993054713671681/SvkmHDyR_normal.jpg,1,0,1,1,0,1,1,0
1232377480025198593,lilhousgreendor,lilhousgreendor,lilhousgreendor,https://pbs.twimg.com/profile_images/2022792941920468992/eTtJBJxD_normal.jpg,1,0,1,1,0,1,1,0
2037248527043276800,loknloded,loknloded,loknloded,https://pbs.twimg.com/profile_images/2054753777635450880/E55vuZQE_normal.jpg,1,0,1,1,0,1,1,0
726191822,dew_drop16,dew_drop16,dew_drop16,https://pbs.twimg.com/profile_images/2067441880799780864/aDI3pMDZ_normal.jpg,1,0,1,1,0,1,1,0
1585991352055128064,HinsdaleNH,HinsdaleNH,"Hinsdale, New Hamster",https://pbs.twimg.com/profile_images/2062689544667795456/jlz4ymtv_normal.jpg,0,4,4,0,4,4,4,0
873745998941634560,Heidisplace2,Heidisplace2,Heidisplace2,https://pbs.twimg.com/profile_images/1831592265950896128/kKywBdn8_normal.jpg,1,0,1,1,0,1,1,0
2026662762030706693,JaiSweany,JaiSweany,JaiSweany,https://pbs.twimg.com/profile_images/2068371498658906112/6J_4_NQj_normal.jpg,1,0,1,1,0,1,1,0
2040404162542739456,Richard83281269,Richard83281269,Richard83281269,https://pbs.twimg.com/profile_images/2078559602463891456/98E307tK_normal.jpg,1,0,1,1,0,1,1,0
2393525376,BigDaddyGuns211,BigDaddyGuns211,BigDaddyGuns211,https://pbs.twimg.com/profile_images/1558588209805725696/HBDJ25vY_normal.jpg,1,0,1,1,0,1,1,0
1495945994420244484,SarkastikDespe2,SarkastikDespe2,SarkastikDespe2,https://pbs.twimg.com/profile_images/2068153413292978176/n1VGrAFZ_normal.jpg,1,0,1,1,0,1,1,0
2012141527842353153,LibBoneGrinder,LibBoneGrinder,Liberal Bone Grinder ™,https://pbs.twimg.com/profile_images/2012143317581275136/Jp7uKjoQ_normal.jpg,0,1,1,0,1,1,1,0
1616261968771403778,itzJeffTurdrich,itzJeffTurdrich,itzJeffTurdrich,https://pbs.twimg.com/profile_images/1616263251959980032/ay8U1RaF_normal.jpg,4,0,4,6,0,6,6,0
1009577803304656896,itsJeffTiedrich,itsJeffTiedrich,itsJeffTiedrich,https://pbs.twimg.com/profile_images/1009932396333031424/8FzKlCfB_normal.jpg,2,0,2,2,0,2,2,0
2021441616255361024,CuntBlasters,CuntBlasters,Cunt Blasters™ 💦,https://pbs.twimg.com/profile_images/2021442487559081984/XLqPmv3__normal.jpg,0,6,6,0,7,7,7,0
1535750008892321792,aintscarylarry,aintscarylarry,aintscarylarry,https://pbs.twimg.com/profile_images/1535864500343013376/B3EXgO5d_normal.jpg,2,0,2,2,0,2,2,0
1994177275361939457,PTownTroll82,PTownTroll82,PTownTroll82,https://pbs.twimg.com/profile_images/2046347548324249601/il-LhmuI_normal.jpg,2,4,6,2,7,9,9,0
2938317569,Gdad1x6,Gdad1x6,Gdad1x6,https://pbs.twimg.com/profile_images/2079918709439631360/ScF2uCVP_normal.jpg,1,0,1,1,0,1,1,0
1008448240688214018,Malcolmdonaghy,Malcolmdonaghy,Malcolmdonaghy,https://pbs.twimg.com/profile_images/2027923630416662528/B8kdsSma_normal.jpg,1,0,1,1,0,1,1,0
781471836,ericalenz35,ericalenz35,ericalenz35,https://pbs.twimg.com/profile_images/2027199043903041536/FuSUdtMl_normal.jpg,1,0,1,1,0,1,1,0
1609471702517383169,Embalmenbrunner,Embalmenbrunner,Earnie Kaltenbrunner,https://pbs.twimg.com/profile_images/1609471924756676608/zn6vdJeh_normal.jpg,0,5,5,0,6,6,6,0
1038726722,kevinnbass,kevinnbass,kevinnbass,https://pbs.twimg.com/profile_images/1947236538409988096/hZXVsMlX_normal.jpg,2,0,2,2,0,2,2,0
1242998439195148290,DrJoykovMD,DrJoykovMD,DrJoykovMD,https://pbs.twimg.com/profile_images/1242998755235958786/jbX3z3Fz_normal.jpg,4,0,4,4,0,4,4,0
1587519702506643456,exploitkit6969,exploitkit6969,exploitkit6969,https://pbs.twimg.com/profile_images/1761927386453430272/Tpv6_dWU_normal.jpg,2,0,2,2,0,2,2,0
1687634222318559233,JeetShekhawat00,JeetShekhawat00,JeetShekhawat00,https://pbs.twimg.com/profile_images/1976128803760984064/S0g0FL1o_normal.jpg,1,0,1,1,0,1,1,0
636513296,nikitabier,nikitabier,nikitabier,https://pbs.twimg.com/profile_images/1755448801957945344/Fh2HNw5Y_normal.jpg,1,0,1,1,0,1,1,0
2085182353102479361,PhilMcKraken96,PhilMcKraken96,NADA,https://pbs.twimg.com/profile_images/2085186817603543040/WERtSTE3_normal.jpg,0,4,4,0,4,4,4,0
1823430137268080640,KraeteLava19744,KraeteLava19744,Kraete,https://pbs.twimg.com/profile_images/2077652131411382272/ZIRTKr51_normal.jpg,0,4,4,0,4,4,4,0
1815359346970099712,justlooking120,justlooking120,biglou,https://pbs.twimg.com/profile_images/1815916168793784321/WwErvj8U_normal.jpg,0,4,4,0,4,4,4,0
1899628634979368960,KMott49928,KMott49928,karl mott,https://pbs.twimg.com/profile_images/1899628716814475265/QlT4WZ17_normal.png,0,5,5,0,5,5,5,0
1916227269720252416,abbygeekIX,abbygeekIX,abbygeekIX,https://pbs.twimg.com/profile_images/2085095820118884352/Fe6LbrU3_normal.jpg,2,0,2,2,0,2,2,0
1918817430455062528,OpusMiraculous,OpusMiraculous,Chad Rocky,https://pbs.twimg.com/profile_images/2013040604712710144/GjwqBS-E_normal.jpg,0,4,4,0,4,4,4,0
208621786,IRStaxsecurity,IRStaxsecurity,IRStaxsecurity,https://pbs.twimg.com/profile_images/1242146991142055939/c4ejTMLD_normal.jpg,1,0,1,1,0,1,1,0
21622232,txcomptroller,txcomptroller,txcomptroller,https://pbs.twimg.com/profile_images/2083624138405482496/c4_CfCPT_normal.jpg,1,0,1,1,0,1,1,0
1963156225,DonHuffines,DonHuffines,DonHuffines,https://pbs.twimg.com/profile_images/1956402615316557826/1KRWGqox_normal.jpg,1,0,1,1,0,1,1,0
2052116648946200577,FaverTame,FaverTame,FaverTame,https://pbs.twimg.com/profile_images/2052117098877652992/qcZVyX8S_normal.jpg,2,0,2,2,0,2,2,0
1988771785177956352,GroundZeroPDX1,GroundZeroPDX1,GroundZeroPDX1,https://pbs.twimg.com/profile_images/2031264927646887937/sG5a_V1v_normal.jpg,1,0,1,1,0,1,1,0
1629981925829148673,JoshMeshell,JoshMeshell,JoshMeshell,https://pbs.twimg.com/profile_images/2023005521272528897/ZqerqK7Y_normal.jpg,1,0,1,1,0,1,1,0
1394256046336593923,ChrisxSims,ChrisxSims,ChrisxSims,https://pbs.twimg.com/profile_images/1994314500070363137/vXoJUlDz_normal.jpg,3,0,3,6,0,6,6,0
2084460940842467328,SmellyBawlZ6969,SmellyBawlZ6969,SmellyBawlZ6969,https://abs.twimg.com/sticky/default_profile_images/default_profile_normal.png,2,0,2,4,0,4,4,0
829885482196561921,Johnnthelefty,Johnnthelefty,Johnn Thelefty,https://pbs.twimg.com/profile_images/1496973732606210071/3C4zCUox_normal.jpg,1,0,1,1,0,1,1,0
2835451658,MrAndyNgo,MrAndyNgo,Andy Ngo,https://pbs.twimg.com/profile_images/1265070746931302401/2w71OcJP_normal.jpg,1,0,1,1,0,1,1,0
1580426566550814720,PDX_RNR,PDX_RNR,oh no,https://pbs.twimg.com/profile_images/1580439376798318593/dytVMmu2_normal.jpg,1,0,1,1,0,1,1,0
1815062075074592768,AdamsUnchained,AdamsUnchained,M. Adams,https://pbs.twimg.com/profile_images/2044067857185861632/Y6bBNQ_0_normal.jpg,1,0,1,3,0,3,3,0
1605645682202841109,Stumptown161,Stumptown161,StumptownResearch,https://pbs.twimg.com/profile_images/1605669155109232645/BPVzJXv1_normal.png,1,0,1,1,0,1,1,0
1544721396739227650,ShadowChia123,ShadowChia123,Frankie T.,https://pbs.twimg.com/profile_images/2056875151870812161/6vwQyb5S_normal.jpg,1,0,1,2,0,2,2,0
223267743,Yung_Luv_Music,Yung_Luv_Music,Yung Luv Music,https://pbs.twimg.com/profile_images/2076510468135661569/UWCaD_59_normal.jpg,1,0,1,1,0,1,1,0
1974125418094497792,LibtardAwarder,LibtardAwarder,Libtard Awarder ™,https://pbs.twimg.com/profile_images/1974132412922601472/8bU-vwdB_normal.jpg,0,3,3,0,3,3,3,0
783214,X,X,X,https://pbs.twimg.com/profile_images/1955359038532653056/OSHY3ewP_normal.jpg,1,0,1,1,0,1,1,0
1261156543602417673,FatPatriot95,FatPatriot95,FatPatriot95,https://pbs.twimg.com/profile_images/2007017711495475200/r8dct91N_normal.jpg,1,0,1,1,0,1,1,0
2072091711354949632,MyraCreatrix,MyraCreatrix,MyraCreatrix,https://abs.twimg.com/sticky/default_profile_images/default_profile_normal.png,2,0,2,2,0,2,2,0
1324133875975516163,jamgrass75,jamgrass75,jamgrass75,https://pbs.twimg.com/profile_images/1415820745788116995/VpjPAtuS_normal.jpg,1,0,1,1,0,1,1,0
259231357,christin368,christin368,C,https://pbs.twimg.com/profile_images/1749011211063017473/RZcrqQi5_normal.jpg,0,11,11,0,11,11,11,0
1519014952182423554,Cornbreadsmom,Cornbreadsmom,Cornbreadsmom,https://pbs.twimg.com/profile_images/1983269120909987840/Itt90yaI_normal.jpg,1,0,1,1,0,1,1,0
1543260572778524676,TheJoeyMama,TheJoeyMama,JoeyMama,https://pbs.twimg.com/profile_images/1789130575040925696/JOqz88a6_normal.jpg,2,3,5,4,3,7,7,0
1979306542123094016,FAntifa1776,FAntifa1776,FucAntifa1776,https://pbs.twimg.com/profile_images/2011682478696906756/nuJU3Js0_normal.jpg,0,8,8,0,8,8,8,0
2366303126,TheFanAccountX,TheFanAccountX,The Fan Account - Citizens Audit | Operation 3143,https://pbs.twimg.com/profile_images/2064799785383579648/RojJOMFp_normal.jpg,1,0,1,1,0,1,1,0
1959410619569913856,Cocibolca39,Cocibolca39,Cocibolca39,https://pbs.twimg.com/profile_images/2085881485693734912/331hDIIr_normal.jpg,1,0,1,1,0,1,1,0
